Date and Time,Battery Voltage,CR10 Temperature,Wind Direction 10 Minutes,Wind Speed 10 Minutes,Wind Gust 10 Minutes,Hourly Average Direction,Hourly Average Speed,Hourly Maximum Gust,Hourly Gust Time,Hourly Gust Direction,Last Minute Average Temperature,Total Hourly Rain,Average RH over previous minute,Maximum Hourly Air Temperature,Minimum Hourly Air Temperature,Maximum Hourly Rainfall Rate,Time of Rainfall
01/01/2017 00:00,14.09,13.96,44.59,9.4,13.84,40,10.2,18.87,23:26,44.55,7.55,,87.3,8,7.55,,23:01
01/01/2017 01:00,14.1,13.98,45.08,8.41,11.4,40,7.43,14.25,00:01,42.12,6.922,,88.3,7.55,6.909,,00:01
01/01/2017 02:00,14.09,14,66.36,6.045,9.48,40,5.382,11.98,01:01,41.28,6.634,,86.9,6.917,6.634,,01:01
01/01/2017 03:00,14.09,14,23.18,5.477,8.39,30,6.532,13.16,02:22,36.83,6.414,,89.2,6.631,6.311,,02:01
01/01/2017 04:00,14.09,14.02,17.38,4.509,6.912,20,5.475,11.21,03:17,11.53,6.341,,88,6.44,6.308,,03:01
01/01/2017 05:00,14.09,14.05,17.79,5.249,9.51,20,4.648,9.51,04:54,25.2,6.399,,88.2,6.461,6.335,,04:01
01/01/2017 06:00,14.09,14.05,26.49,6.663,11.4,10,6.54,12.17,05:29,7.57,6.514,,89.7,6.515,6.359,,05:01
01/01/2017 07:00,14.09,14.05,26.21,6.41,9.93,40,6.655,12.46,06:09,42.54,7.05,,91.6,7.05,6.491,,06:01
01/01/2017 08:00,14.09,14.05,21.54,3.709,5.469,20,4.185,8.8,07:03,27.02,7.44,,93.1,7.46,7.06,,07:01
01/01/2017 09:00,14.09,14.07,13.5,4.913,7.81,20,4.718,7.81,08:56,15.03,7.69,,94.1,7.69,7.44,,08:01
01/01/2017 10:00,14.09,14.07,46.74,6.515,9.93,10,5.076,9.93,09:51,43.92,8.57,,93,8.57,7.68,,09:01
01/01/2017 11:00,14.09,14.07,49.5,6.693,9.96,40,6.705,12.91,10:33,44.69,9.16,,90.9,9.16,8.58,,10:01
01/01/2017 12:00,14.09,14.11,52.46,7.77,11.59,50,6.822,11.59,11:56,50.12,9.71,,84.3,9.71,9.16,,11:01
01/01/2017 13:00,14.09,14.14,62.29,8.88,14.93,60,8.14,14.93,12:53,57.64,9.98,,82.6,10.03,9.73,,12:01
01/01/2017 14:00,14.09,14.16,70.2,5.874,7.75,60,7.61,13.23,13:26,67.65,9.57,,87.2,10.02,9.57,,13:01
01/01/2017 15:00,14.09,14.2,190,9.86,20.19,190,9.91,25.41,14:22,181.4,6.238,,91.3,9.56,6.226,,14:01
01/01/2017 16:00,14.09,14.23,201.4,14.05,24.61,200,13.04,27.5,15:42,206.3,5.357,,88.4,6.233,5.35,,15:01
01/01/2017 17:00,14.09,14.18,200,9.31,17.75,200,10.91,22.94,16:11,198.9,5.025,,89.9,5.381,5.025,,16:01
01/01/2017 18:00,14.09,14.16,211.4,12.61,23.43,210,10.88,23.43,17:56,208.3,4.842,,88.3,5.012,4.834,,17:01
01/01/2017 20:00,14.09,14.09,207.4,9.02,16.79,210,8.3,16.79,19:52,210.1,5.043,,89.4,5.179,4.989,,19:01
01/01/2017 21:00,14.09,14.09,204.8,6.784,13.55,210,7.7,16.6,20:24,210.7,5.132,,90.7,5.167,5.011,,20:01
01/01/2017 22:00,14.09,14.09,201.9,8.28,16.15,200,7.87,17.33,21:36,197.4,5.252,,88.4,5.361,5.101,,21:01
01/01/2017 23:00,14.09,14.07,185.5,6.317,16.95,200,7.23,17.11,22:41,199.1,5.09,,88.1,5.327,5.09,,22:01
02/01/2017 00:00,14.09,14.07,194.5,6.281,13.1,200,7.56,16.24,23:41,207.3,5.132,,85.1,5.161,5.057,,23:01
02/01/2017 01:00,14.09,14.05,195.7,6.219,14.51,200,8.12,18.94,00:09,201.2,5.075,,85.4,5.137,4.959,,00:01
02/01/2017 02:00,14.09,14.02,203.5,9.85,16.37,200,9.25,20.51,01:14,205.8,4.9,,84.6,5.18,4.881,,01:01
02/01/2017 03:00,14.09,14.02,184.5,8.67,16.4,190,6.618,16.44,02:44,203.5,3.878,,87.1,4.949,3.878,,02:01
02/01/2017 04:00,14.09,13.98,184.7,9.55,17.3,190,8.11,18.9,03:02,185.4,3.403,,87.6,3.916,3.403,,03:01
02/01/2017 05:00,14.09,13.93,191.9,5.446,9.19,190,8.6,18.26,04:20,184.1,3.411,,88.7,3.439,3.163,,04:01
02/01/2017 06:00,14.1,13.89,202.4,7.16,13.74,210,6.701,15.22,05:13,210.3,3.877,,85.3,3.877,3.332,,05:01
02/01/2017 07:00,14.1,13.84,179.3,9.74,18.97,190,9.02,18.97,07:00,174.8,3.551,,84.1,4.01,3.464,,06:01
02/01/2017 08:00,14.1,13.82,181.4,9.59,16.08,180,8.31,16.31,07:03,179.1,3.459,,83,3.663,3.403,,07:01
02/01/2017 09:00,14.1,13.75,184.7,7.4,13.45,180,8.59,17.97,08:25,181.5,3.201,,83.6,3.471,3.15,,08:01
02/01/2017 10:00,14.1,13.69,183.2,7.95,16.5,180,8.53,17.43,09:32,175.9,3.551,,81,3.617,3.082,,09:01
02/01/2017 11:00,14.1,13.66,181.3,7.97,14.19,180,9.23,18.1,10:16,183.8,4.236,,78.3,4.265,3.538,,10:01
02/01/2017 12:00,14.1,13.66,185,8.67,18.58,190,8.79,19.29,11:21,189.1,4.719,,77.4,4.841,4.152,,11:01
02/01/2017 13:00,14.1,13.71,174.5,3.542,8.77,190,5.598,16.6,12:11,189.5,5.54,,72.2,6.096,4.502,,12:01
02/01/2017 14:00,14.1,13.8,181.5,5.687,12.56,170,5.852,13.74,13:33,158,5.964,,71.4,5.964,5.219,,13:01
02/01/2017 15:00,14.09,13.93,151.5,6.448,10.92,160,5.37,12.17,14:25,167.5,5.476,,72.7,6.29,5.377,,14:01
02/01/2017 16:00,14.09,14.05,158.6,5.217,8.9,170,5.341,11.56,15:12,169,5.072,,74.6,5.787,5.072,,15:01
02/01/2017 17:00,14.09,14.14,143.3,3.605,6.944,150,5.088,13.29,16:28,147.4,4.688,,76,5.06,4.688,,16:01
02/01/2017 18:00,14.08,14.2,134.8,4.86,9.64,130,5.62,12.65,17:19,144.7,4.346,,74.1,4.703,4.307,,17:01
02/01/2017 19:00,14.09,14.23,122.6,5.07,7.65,120,5.364,12.17,18:41,140,3.83,,76.4,4.349,3.815,,18:01
02/01/2017 20:00,14.09,14.23,115.2,4.805,9.12,120,4.647,10.5,19:10,114.1,3.342,,76.3,3.818,3.277,,19:01
02/01/2017 21:00,14.09,14.18,109.1,5.743,8.35,110,4.542,9.61,20:42,119.9,3.051,,75.5,3.288,2.984,,20:01
02/01/2017 22:00,14.09,14.14,108.8,4.149,6.719,110,4.757,9.44,21:28,129.8,2.689,,78.3,3.033,2.651,,21:01
02/01/2017 23:00,14.09,14.09,71.8,5.349,7.42,70,4.756,7.52,22:02,116.2,1.237,,88.3,2.788,1.237,,22:01
03/01/2017 00:00,14.09,14.05,73.7,5.138,6.751,70,5.512,8.48,23:07,75.3,0.863,,89.5,1.225,0.863,,23:01
03/01/2017 01:00,14.09,13.98,72.7,5.721,7.01,70,5.593,7.71,00:41,72.1,0.475,,90.5,0.859,0.475,,00:01
03/01/2017 02:00,14.1,13.91,68.08,5.432,7.01,70,5.301,7.49,01:05,68.7,0.102,,92.1,0.484,0.102,,01:01
03/01/2017 03:00,14.1,13.82,77.6,5.55,6.944,80,5.517,7.04,02:17,71.2,0.186,,91.5,0.186,-0.039,,02:01
03/01/2017 04:00,14.1,13.71,68.92,5.701,8,70,6.211,8.35,03:24,73.2,-0.328,,92.7,0.173,-0.328,,03:01
03/01/2017 05:00,14.11,13.6,70.5,4.922,6.623,70,6.373,9.57,04:15,77.3,-0.4,,93.4,-0.318,-0.464,,04:01
03/01/2017 06:00,14.11,13.46,68.18,7.1,9.12,70,6.612,9.25,05:16,74.2,-0.204,,92.5,-0.196,-0.422,,05:01
03/01/2017 07:00,14.12,13.33,65.73,6.32,9.51,70,7.12,10.34,06:36,70.2,-0.24,,92.7,-0.175,-0.259,,06:01
03/01/2017 08:00,14.12,13.17,71,6.163,8.39,70,6.669,9.89,07:45,70.7,-0.165,,92.9,-0.133,-0.251,,07:01
03/01/2017 09:00,14.12,13.04,80.1,6.644,11.08,80,6.449,11.08,08:54,87.9,0.791,,88.8,0.825,-0.151,,08:01
03/01/2017 10:00,14.12,12.9,78.1,7.19,11.02,80,7.03,12.2,09:39,78.6,1.363,,85.8,1.734,0.759,,09:01
03/01/2017 11:00,14.13,12.84,84.8,9.48,13.71,70,7.61,13.71,10:55,87.8,2.841,,81.4,2.841,1.329,,10:01
03/01/2017 12:00,14.13,12.77,81,9.08,13.84,80,9.28,15.38,11:42,83.8,3.799,,79.4,3.838,2.932,,11:01
03/01/2017 13:00,14.14,12.73,89.3,11.63,17.08,80,10.62,17.08,12:53,80.9,5.099,,75.3,5.099,3.782,,12:01
03/01/2017 14:00,14.12,12.7,87.6,10.16,14.83,90,11.06,19.45,13:13,99.8,5.584,,74,5.704,5.056,,13:01
03/01/2017 15:00,14.13,12.75,101.8,11.69,17.88,100,11.22,19.77,14:37,90.9,5.881,,71.8,5.938,5.599,,14:01
03/01/2017 16:00,14.13,12.81,91.1,10.7,21.66,100,13.11,25,15:25,92.7,5.583,,73,5.863,5.583,,15:01
03/01/2017 17:00,14.12,12.86,88,8.9,13.36,90,10.26,19.67,16:10,85.6,5.259,,76.9,5.625,5.233,,16:01
03/01/2017 18:00,14.12,12.88,78.2,10.6,14.77,80,10.59,15.83,17:38,78,4.589,,80.8,5.279,4.589,,17:01
03/01/2017 19:00,14.12,13.04,83.3,13.41,18.9,80,12.55,20.25,18:41,80.5,4.274,,83.6,4.644,4.255,,18:01
03/01/2017 20:00,14.13,12.88,85,8.28,13.45,80,11.22,17.46,19:33,88.2,4.136,,83.7,4.276,4.106,,19:01
03/01/2017 21:00,14.13,12.84,85.4,7.28,10.73,80,8.77,14.38,20:15,72.2,4.443,,82.1,4.443,4.052,,20:01
03/01/2017 22:00,14.13,12.81,96.8,9.67,15.6,90,8.31,15.6,21:55,102.5,5.116,,78.1,5.116,4.485,,21:01
03/01/2017 23:00,14.13,12.79,68.47,11.15,15.6,90,10.18,16.82,22:33,78.7,4.764,,78.5,5.192,4.764,,22:01
04/01/2017 00:00,14.13,12.77,82.8,9.76,13.32,80,9.21,15.89,23:15,73.7,4.26,,81,4.759,4.26,,23:01
04/01/2017 01:00,14.12,12.75,75.3,8.24,12.07,80,10.26,16.34,00:27,87.7,4.023,,81.6,4.312,4.017,,00:01
04/01/2017 02:00,14.13,12.73,67.68,7,11.08,80,7.95,14.25,01:05,83,4.106,,82,4.106,3.905,,01:01
04/01/2017 03:00,14.13,12.7,64.69,6.167,9.64,70,7.23,11.72,02:12,70.7,4.496,,81.5,4.501,4.102,,02:01
04/01/2017 04:00,14.13,12.68,76.3,5.747,9.93,70,6.192,11.56,03:18,71.8,5.167,,80.4,5.183,4.53,,03:01
04/01/2017 05:00,14.13,12.68,96.3,9.68,14.03,90,7.68,14.03,04:57,97,5.426,,80,5.457,5.172,,04:01
04/01/2017 06:00,14.13,12.68,84.6,9.39,12.56,90,9.06,13.42,05:01,97.5,5.275,,81.4,5.46,5.237,,05:01
04/01/2017 07:00,14.13,12.68,99.9,8.33,12.17,90,7.79,13.65,06:48,103.5,6.02,,80.9,6.032,5.267,,06:01
04/01/2017 08:00,14.13,12.7,108.1,8.47,14.58,110,7.31,14.58,08:00,111.1,6.286,,81.8,6.286,6.001,,07:01
04/01/2017 09:00,14.13,12.73,114.2,9.1,14.58,110,9.09,15.92,08:33,116.8,6.721,,82.9,6.732,6.319,,08:01
04/01/2017 10:00,14.13,12.75,118.8,9.65,15.28,110,9.33,18.13,09:08,112.9,7.39,,81.7,7.39,6.707,,09:01
04/01/2017 11:00,14.13,12.79,107.4,6.742,11.91,110,7.68,14.54,10:25,108.7,8.22,,78.6,8.36,7.4,,10:01
04/01/2017 12:00,14.13,12.86,205.5,10.91,20.25,200,9.17,21.92,11:26,207.5,6.615,,81.9,8.57,6.545,,11:01
04/01/2017 13:00,14.12,12.93,178.3,7.39,12.43,190,6.839,15.31,12:21,185.4,7.07,,71.7,7.1,6.615,,12:01
04/01/2017 14:00,14.12,12.99,188,9.96,20.19,190,10.14,25.51,13:35,178.2,7.37,,65.24,7.48,7.06,,13:01
04/01/2017 15:00,14.12,13.06,170.9,7.92,17.46,190,8.45,18.46,14:37,188.1,7.29,,57.99,7.54,7.29,,14:01
04/01/2017 16:00,14.12,13.15,181.1,7.32,14.58,180,8.43,18.46,15:19,180.3,6.854,,57.09,7.29,6.854,,15:01
04/01/2017 17:00,14.12,13.19,176.4,5.889,10.12,180,7.63,16.63,16:40,177.4,6.163,,60.27,6.821,6.154,,16:01
04/01/2017 18:00,14.12,13.24,177.8,7.79,14.86,170,6.498,14.86,18:00,193.6,5.56,,61.99,6.168,5.56,,17:01
04/01/2017 19:00,14.12,13.26,176,8.02,14.99,170,7.33,17.53,18:46,180.6,5.081,,63.6,5.55,5.081,,18:01
04/01/2017 20:00,14.12,13.24,169.3,7.55,14.16,160,7.66,14.54,19:13,182.1,4.73,,63.73,5.08,4.712,,19:01
04/01/2017 21:00,14.12,13.22,148.9,7.5,11.24,160,7.83,14.38,20:47,170.2,4.375,,65.35,4.735,4.357,,20:01
04/01/2017 22:00,14.12,13.17,153.1,6.761,11.5,160,7.37,13.68,21:12,173.1,3.878,,68.07,4.352,3.873,,21:01
04/01/2017 23:00,14.13,13.13,168,7.74,13.61,160,7.91,15.41,22:11,150.5,3.708,,69.4,3.87,3.637,,22:01
05/01/2017 00:00,14.12,13.08,162.4,6.692,11.88,160,7.89,15.38,23:27,168.9,3.668,,69.21,3.731,3.583,,23:01
05/01/2017 01:00,14.12,13.04,164.9,6.216,10.44,160,6.799,15.31,00:29,155.5,3.475,,68.5,3.68,3.472,,00:01
05/01/2017 02:00,14.12,12.99,149.7,6.756,12.46,170,6.097,12.46,01:42,170,3.11,,69.94,3.464,3.11,,01:01
05/01/2017 03:00,14.13,12.97,152.2,5.897,10.86,150,5.84,12.94,02:37,150.4,2.788,,71.6,3.17,2.788,,02:01
05/01/2017 04:00,14.13,12.95,154.5,4.076,9.28,170,5.038,11.75,03:44,175.7,2.621,,74.4,2.822,2.587,,03:01
05/01/2017 05:00,14.13,12.9,163.3,4.981,9.57,170,4.799,11.21,04:27,174.9,2.619,,75,2.764,2.579,,04:01
05/01/2017 06:00,14.13,12.86,186.5,5.28,8.87,190,4.761,12.01,05:35,180.9,2.403,,76.1,2.618,2.392,,05:01
05/01/2017 07:00,14.14,12.79,157.6,3.658,9.7,170,4.68,11.21,06:30,187.3,2.351,,77.3,2.484,2.351,,06:01
05/01/2017 08:00,14.14,12.73,175.6,3.453,5.757,120,3.207,7.84,07:44,160.7,2.329,,78.1,2.395,2.213,,07:01
05/01/2017 09:00,14.14,12.66,26.21,2.349,3.224,180,2.054,5.212,08:27,130.3,1.811,,78.2,2.445,1.725,,08:01
05/01/2017 10:00,14.15,12.61,53.98,1.146,3.128,30,2.251,4.282,09:44,69.09,2.351,,79.2,2.351,1.36,,09:01
05/01/2017 11:00,14.14,12.64,11.15,2.503,3.737,20,1.664,3.737,10:52,1.497,4.135,,67.3,5.388,2.776,,10:01
05/01/2017 12:00,14.13,12.68,3.376,1.807,3.737,10,1.496,3.737,12:00,358.7,6.155,,60.82,6.506,3.829,,11:01
05/01/2017 13:00,14.13,12.77,45.54,2.259,4.442,50,2.757,6.655,12:22,38.92,5.532,,66.94,6.299,4.255,,12:01
05/01/2017 14:00,14.12,12.93,71.7,1.226,2.647,20,1.833,4.571,13:08,24.02,6.974,,60.23,7.53,5.547,,13:01
05/01/2017 15:00,14.12,13.1,344.9,1.143,2.39,360,1.746,3.833,14:14,55.11,7.91,,59.32,8.83,6.456,,14:01
05/01/2017 16:00,14.11,13.28,43.99,1.283,2.39,30,1.096,2.647,15:06,352,5.999,,68.56,7.81,5.909,,15:01
05/01/2017 17:00,14.11,13.44,71.2,3.158,4.282,60,2.576,4.475,16:48,78.3,5.153,,72.1,6.009,5.153,,16:01
05/01/2017 18:00,14.11,13.57,62.04,2.383,4.442,70,3.685,5.501,17:36,68.14,4.463,,75.7,5.123,4.463,,17:01
05/01/2017 19:00,14.1,13.64,304,3.058,4.186,340,2.135,4.186,18:59,288.2,4.201,,78.1,4.694,3.825,,18:01
05/01/2017 20:00,14.1,13.64,341.2,0.82,2.166,340,2.213,4.475,19:06,272.9,3.917,,79.8,4.405,3.459,,19:01
05/01/2017 21:00,14.1,13.64,353,0.394,1.909,360,0.836,2.615,20:43,0.602,3.109,,81.5,3.896,2.913,,20:01
05/01/2017 22:00,14.11,13.6,286.2,1.328,2.166,360,0.591,2.198,21:50,271.5,3.194,,82.9,3.318,2.876,,21:01
05/01/2017 23:00,14.11,13.53,322.2,0.087,1.428,360,0.113,1.556,22:32,275.1,2.618,,84,3.265,2.598,,22:01
05/01/2017 00:00,14.11,13.48,19.65,0.002,0.155,360,0.357,1.653,23:39,14.71,2.235,,86.3,2.851,2.232,,23:01
06/01/2017 01:00,14.12,13.42,302.1,0.764,1.685,360,0.225,1.685,01:00,294,1.969,,86.6,2.479,1.919,,00:01
06/01/2017 02:00,14.12,13.35,249.3,0.924,2.198,290,1.68,3.897,01:35,282.9,1.509,,86.3,1.989,1.446,,01:01
06/01/2017 03:00,14.12,13.28,261.9,0.778,1.556,280,1.881,3.705,02:14,290.8,1.535,,86.2,1.76,1.402,,02:01
06/01/2017 04:00,14.12,13.22,281.5,3.452,5.084,250,2.099,5.084,04:00,275.5,1.532,,86.3,1.887,1.49,,03:01
06/01/2017 05:00,14.12,13.15,244.8,1.664,4.026,280,2.583,5.244,04:12,269.4,1.349,,88.7,1.788,1.349,,04:01
06/01/2017 06:00,14.13,13.08,253.6,1.208,2.422,250,1.487,2.967,05:15,246.7,1.778,,85.6,2.11,1.326,,05:01
06/01/2017 07:00,14.12,13.01,273.1,1.979,2.999,270,1.865,3.096,06:28,265.7,2.42,,87.3,2.485,1.792,,06:01
06/01/2017 08:00,14.13,12.93,358.4,3.823,6.174,350,3.138,6.591,07:36,357.1,3.775,,87.5,3.775,2.251,,07:01
06/01/2017 09:00,14.13,12.86,346.6,3.195,5.276,350,3.01,5.789,08:47,2.492,4.159,,86.1,4.187,3.741,,08:01
06/01/2017 10:00,14.13,12.84,2.934,4.035,6.238,360,3.604,9.77,09:47,351.7,4.661,,87.5,4.661,4.131,,09:01
06/01/2017 11:00,14.13,12.81,8.43,4.938,8.9,10,3.703,8.9,10:52,7.04,5.927,,82.3,5.986,4.689,,10:01
06/01/2017 12:00,14.13,12.84,14.8,5.314,9.73,10,5.396,10.21,11:25,6.815,6.74,,74.8,7.48,5.899,,11:01
06/01/2017 13:00,14.13,12.88,38.66,7.84,10.98,20,6.5,10.98,12:53,42.39,7.28,,67.23,7.75,6.859,,12:01
06/01/2017 14:00,14.12,12.95,36.74,5.522,9.7,30,6.154,11.59,13:02,31.73,7.22,,65.71,7.42,7.06,,13:01
06/01/2017 15:00,14.12,13.04,33.67,7.51,11.53,40,7.55,13.77,14:41,36.78,7.06,,66.37,7.3,7.06,,14:01
06/01/2017 16:00,14.12,13.1,35.94,7.31,11.59,40,7.29,12.68,15:08,41.05,6.339,,75.2,7.07,6.311,,15:01
06/01/2017 17:00,14.12,13.17,31.27,7.8,10.79,40,7.3,11.98,16:01,40.88,5.716,,81.5,6.347,5.716,,16:01
06/01/17 18:00,14.12,13.42,39.83,7.600,12.590,40,7.730,13.100,17:50,42.50,5.480,,88.20,5.693,5.462,,17:01
06/01/17 19:00,14.12,13.28,39.58,9.280,13.840,40,8.280,15.280,18:25,35.88,5.304,,89.90,5.518,5.295,,18:01
06/01/17 20:00,14.12,13.24,47.38,7.950,11.720,40,8.140,13.810,19:20,44.29,5.367,,92.50,5.367,5.219,,19:01
06/01/17 21:00,14.11,13.24,44.09,10.380,15.150,40,8.450,15.150,20:53,41.00,5.405,,95.40,5.434,5.326,,20:01
06/01/17 22:00,14.12,13.19,49.94,8.770,15.120,50,9.400,16.370,21:15,46.27,5.858,,95.00,5.863,5.407,,21:01
06/01/17 23:00,14.12,13.15,55.92,8.810,13.420,60,8.990,15.150,22:29,53.79,6.246,,95.40,6.246,5.808,,22:01
07/01/17 00:00,14.12,13.15,58.87,9.030,12.970,60,8.690,15.470,23:02,52.56,6.574,,95.70,6.574,6.262,,23:01
07/01/17 01:00,14.12,13.13,54.81,7.820,11.690,60,8.300,14.320,00:49,62.22,6.946,,96.60,6.955,6.569,,00:01
07/01/17 02:00,14.12,13.15,54.35,7.090,10.570,60,7.460,12.330,01:25,45.00,7.230,,97.40,7.250,6.953,,01:01
07/01/17 03:00,14.12,13.17,69.38,7.280,11.180,70,7.180,11.430,02:29,48.58,7.560,,97.80,7.560,7.250,,02:01
07/01/17 04:00,14.12,13.22,68.71,7.490,10.280,70,7.300,11.430,03:04,68.24,7.810,,98.10,7.820,7.570,,03:01
07/01/17 05:00,14.12,13.26,77.60,6.307,9.030,80,6.675,10.980,04:09,65.70,7.990,,98.20,8.000,7.810,,04:01
07/01/17 06:00,14.12,13.33,82.20,5.936,8.510,80,6.219,9.410,05:21,84.70,8.040,,98.50,8.050,7.970,,05:01
07/01/17 07:00,14.12,13.37,97.00,5.971,8.070,100,6.490,10.760,06:44,101.00,8.310,,98.50,8.330,8.040,,06:01
07/01/17 08:00,14.12,13.42,70.30,5.661,7.620,90,5.872,9.440,07:23,84.40,8.340,,98.60,8.360,8.300,,07:01
07/01/17 09:00,14.11,13.46,85.80,5.573,8.870,90,5.759,10.050,08:42,97.30,8.770,,98.50,8.780,8.340,,08:01
07/01/17 10:00,14.11,13.53,95.90,4.576,7.070,90,4.757,7.780,09:07,83.40,9.250,,98.20,9.260,8.790,,09:01
07/01/17 11:00,14.10,13.60,108.40,5.470,9.060,100,4.728,9.060,10:56,106.50,9.840,,97.80,9.840,9.280,,10:01
07/01/17 12:00,14.11,13.64,121.10,4.333,8.420,120,4.912,9.410,11:23,116.40,10.520,,95.50,10.530,9.810,,11:01
07/01/17 13:00,14.10,13.73,129.20,4.969,7.940,140,3.977,8.960,12:44,153.30,10.820,,92.80,10.820,10.480,,12:01
07/01/17 14:00,14.10,13.82,153.80,4.270,9.860,150,4.668,10.790,13:25,161.10,10.850,,90.50,10.910,10.730,,13:01
07/01/17 15:00,14.10,13.93,109.30,4.960,7.620,150,4.644,10.120,14:01,152.20,11.030,,87.30,11.070,10.870,,14:01
07/01/17 16:00,14.09,14.02,156.60,3.570,7.230,160,4.814,9.990,15:31,139.90,11.120,,82.20,11.300,11.030,,15:01
07/01/17 17:00,14.09,14.11,179.10,2.293,5.501,180,3.259,10.090,16:04,155.00,10.850,,88.00,11.120,10.800,,16:01
07/01/17 18:00,14.09,14.18,148.70,3.297,5.885,160,3.917,8.770,17:15,156.40,10.840,,88.90,10.850,10.640,,17:01
07/01/17 19:00,14.09,14.25,172.80,1.373,3.609,160,3.093,9.770,18:16,159.70,10.490,,90.80,10.840,10.460,,18:01
07/01/17 20:00,14.09,14.32,89.20,1.338,3.416,70,1.644,3.833,19:50,93.80,10.580,,91.70,10.580,10.450,,19:01
07/01/17 21:00,14.09,14.38,16.35,2.291,3.737,300,1.701,6.912,20:19,283.70,10.240,,93.70,10.680,10.070,,20:01
07/01/17 22:00,14.08,14.47,60.39,3.785,5.212,70,3.280,5.212,21:57,59.91,10.330,,92.50,10.480,10.250,,21:01
07/01/17 23:00,14.07,14.53,87.10,3.899,5.693,70,4.480,6.783,22:14,71.00,10.220,,93.30,10.350,10.200,,22:01
08/01/17 00:00,14.07,14.60,85.30,4.494,5.982,90,4.547,7.010,23:46,73.40,10.020,,93.90,10.290,10.020,,23:01
08/01/17 01:00,14.07,14.64,90.70,4.031,5.629,90,4.178,6.142,00:26,105.20,10.040,,93.40,10.180,10.000,,00:01
08/01/17 02:00,14.07,14.71,81.00,3.641,4.667,80,4.129,5.918,01:44,84.20,9.970,,92.60,10.070,9.950,,01:01
08/01/17 03:00,14.07,14.75,81.40,3.125,4.090,80,3.566,6.655,02:15,100.40,9.970,,90.90,10.140,9.950,,02:01
08/01/17 04:00,14.07,14.82,129.40,1.522,3.128,110,2.654,4.378,03:02,81.00,10.290,,87.80,10.300,9.940,,03:01
08/01/17 05:00,14.07,14.87,143.20,1.727,2.935,140,2.393,5.212,04:16,129.70,10.410,,81.00,10.460,10.310,,04:01
08/01/17 06:00,14.07,14.91,350.30,2.194,2.711,360,1.274,2.775,05:01,140.20,9.920,,86.20,10.480,9.920,,05:01
08/01/17 07:00,14.07,14.96,66.94,1.810,2.454,30,2.696,4.539,06:05,32.36,9.440,,92.10,9.910,9.410,,06:01
08/01/17 08:00,14.07,14.98,54.73,2.726,3.865,50,2.209,3.865,07:57,47.38,9.390,,92.20,9.520,9.390,,07:01
08/01/17 09:00,14.07,15.00,63.09,2.036,3.064,60,1.586,3.480,08:02,62.87,9.400,,92.40,9.440,9.310,,08:01
08/01/17 10:00,14.07,15.03,82.50,2.897,4.250,70,3.236,4.827,09:47,83.40,9.520,,93.60,9.520,9.370,,09:01
08/01/17 11:00,14.07,15.07,27.44,2.335,3.320,40,1.514,3.320,10:59,22.90,9.810,,92.40,9.960,9.500,,10:01
08/01/17 12:00,14.06,15.12,72.10,2.694,3.929,50,3.492,6.046,11:31,46.49,10.350,,90.60,10.350,9.750,,11:01
08/01/17 13:00,14.06,15.16,62.97,4.345,5.821,80,4.058,6.495,12:48,74.60,10.480,,85.10,11.130,10.260,,12:01
08/01/17 14:00,14.06,15.21,61.37,3.944,5.661,60,3.875,5.853,13:19,90.70,10.590,,83.90,10.770,10.470,,13:01
08/01/17 15:00,14.05,15.25,54.03,3.560,4.859,70,4.537,7.100,14:34,68.40,10.020,,88.90,10.730,9.990,,14:01
08/01/17 16:00,14.05,15.32,70.80,2.860,4.442,90,3.619,5.757,15:33,85.90,9.980,,92.20,10.300,9.980,,15:01
08/01/17 17:00,14.04,15.37,2.63,2.809,3.609,360,2.852,4.539,16:01,67.14,9.730,,94.20,10.050,9.630,,16:01
08/01/17 18:00,14.05,15.39,348.30,2.649,3.545,360,1.932,3.737,17:02,6.12,9.490,,93.80,9.880,9.490,,17:01
08/01/17 19:00,14.05,15.44,328.30,3.672,5.629,330,2.814,5.629,18:58,316.00,9.180,,95.50,9.620,9.150,,18:01
08/01/17 20:00,14.05,15.44,326.90,4.354,6.238,330,3.781,6.238,20:00,328.50,9.310,,94.70,9.350,9.110,,19:01
08/01/17 21:00,14.05,15.46,354.60,4.079,7.360,360,5.508,8.930,20:15,330.60,9.230,,95.20,9.330,9.190,,20:01
08/01/17 22:00,14.05,15.48,349.80,3.203,4.122,360,3.152,5.180,21:32,347.70,9.410,,95.40,9.440,9.210,,21:01
08/01/17 23:00,14.05,15.48,35.57,3.631,8.260,40,2.832,8.260,23:00,49.90,9.600,,95.00,9.730,9.400,,22:01
09/01/17 00:00,14.05,15.51,46.75,6.486,9.860,30,5.839,9.860,23:54,49.98,9.050,,96.50,9.520,9.030,,23:01
09/01/17 01:00,14.05,15.51,40.15,4.480,7.520,50,5.580,9.990,00:08,41.34,8.990,,96.80,9.080,8.950,,00:01
09/01/17 02:00,14.04,15.51,51.28,8.450,13.520,50,5.624,13.520,01:58,49.05,9.090,,95.60,9.120,8.990,,01:01
09/01/17 03:00,14.05,15.53,67.76,7.860,12.840,60,7.240,13.230,02:01,59.00,8.890,,95.10,9.110,8.890,,02:01
09/01/17 04:00,14.05,15.51,55.55,7.610,11.340,60,6.905,11.340,03:52,53.30,8.680,,93.80,8.920,8.680,,03:01
09/01/17 05:00,14.05,15.51,53.64,7.230,11.660,50,7.480,12.070,04:48,64.64,8.470,,95.00,8.690,8.470,,04:01
09/01/17 06:00,14.05,15.46,41.06,6.195,9.480,50,6.916,12.140,05:05,56.58,8.410,,96.40,8.490,8.350,,05:01
09/01/17 07:00,14.05,15.44,50.28,7.660,10.860,50,5.874,10.860,06:54,53.20,8.870,,94.20,8.870,8.420,,06:01
09/01/17 08:00,14.05,15.39,56.68,9.270,13.200,60,8.030,13.200,07:57,61.15,8.980,,91.20,9.020,8.860,,07:01
09/01/17 09:00,14.05,15.32,42.10,10.300,16.920,40,9.070,16.920,08:55,40.66,9.300,,90.80,9.310,8.980,,08:01
09/01/17 10:00,14.06,15.25,47.85,11.310,16.110,50,10.980,18.780,09:31,46.57,9.630,,89.50,9.640,9.300,,09:01
09/01/17 11:00,14.06,15.19,59.73,14.490,21.690,60,12.270,21.690,10:55,59.57,10.190,,79.90,10.200,9.640,,10:01
09/01/17 12:00,14.07,15.07,55.67,15.020,22.400,60,14.630,25.510,11:21,49.71,10.020,,78.90,10.220,10.020,,11:01
09/01/17 13:00,14.07,14.98,45.85,10.660,17.080,50,12.240,22.340,12:05,65.69,9.460,,85.60,10.020,9.440,,12:01
09/01/17 14:00,14.07,14.96,32.11,10.710,18.940,40,10.660,19.710,13:30,30.87,9.650,,85.70,9.650,9.410,,13:01
09/01/17 15:00,14.07,14.93,38.03,13.970,22.620,30,11.980,22.620,14:52,39.72,9.870,,86.70,9.890,9.550,,14:01
09/01/17 16:00,14.07,14.89,42.75,12.090,18.550,40,13.120,23.390,15:20,41.85,10.090,,87.50,10.090,9.740,,15:01
09/01/17 17:00,14.07,14.84,43.55,12.230,20.540,40,12.990,22.180,16:47,46.95,10.200,,86.90,10.240,9.890,,16:01
09/01/17 18:00,14.07,14.82,63.53,10.920,17.940,50,11.760,20.090,17:06,46.72,9.910,,93.90,10.190,9.740,,17:01
09/01/17 19:00,14.07,14.87,111.50,8.970,15.410,110,11.450,26.380,18:05,117.50,8.130,,84.10,9.910,8.130,,18:01
09/01/17 20:00,14.07,14.91,102.90,8.830,15.150,110,9.630,17.530,19:03,117.90,7.210,,80.40,8.140,7.210,,19:01
09/01/17 21:00,14.07,14.91,91.60,10.760,16.630,90,8.580,16.630,20:54,99.50,6.538,,81.50,7.190,6.538,,20:01
09/01/17 22:00,14.07,14.89,78.60,9.440,14.900,80,7.690,14.900,21:56,79.50,5.711,,84.70,6.531,5.711,,21:01
09/01/17 23:00,14.08,14.80,69.75,11.480,15.180,80,10.480,16.850,22:43,80.40,5.414,,85.90,5.727,5.381,,22:01
10/01/17 00:00,14.08,14.66,77.40,10.780,18.390,70,11.110,18.390,23:56,78.20,5.033,,87.40,5.396,5.033,,23:01
10/01/17 01:00,14.08,14.55,79.10,11.520,16.050,80,11.430,17.530,00:22,83.70,4.708,,88.40,5.056,4.702,,00:01
10/01/17 02:00,14.09,14.47,74.70,9.910,13.360,80,10.080,16.210,01:10,83.70,4.516,,89.30,4.730,4.485,,01:01
10/01/17 03:00,14.09,14.36,83.70,9.740,13.900,80,9.160,14.060,02:48,82.60,4.875,,87.80,4.875,4.480,,02:01
10/01/17 04:00,14.09,14.27,74.70,9.410,13.710,80,8.580,15.410,03:11,87.50,5.061,,87.10,5.061,4.871,,03:01
10/01/17 05:00,14.09,14.18,79.20,8.390,11.820,80,8.820,14.250,04:40,82.80,5.293,,85.30,5.293,5.012,,04:01
10/01/17 06:00,14.09,14.09,51.92,6.062,9.570,70,6.976,11.500,05:03,68.84,5.446,,85.30,5.456,5.270,,05:01
10/01/17 07:00,14.10,14.02,65.19,8.530,13.070,60,7.260,14.190,06:45,64.52,5.620,,84.30,5.690,5.412,,06:01
10/01/17 08:00,14.10,13.96,73.60,8.100,11.720,70,7.770,12.460,07:35,74.20,5.978,,83.30,5.978,5.562,,07:01
10/01/17 09:00,14.10,13.89,77.60,6.478,11.430,70,6.319,11.430,08:56,72.80,6.479,,81.40,6.484,5.954,,08:01
10/01/17 10:00,14.10,13.82,70.70,6.651,10.440,70,6.205,10.440,09:59,83.90,7.020,,80.20,7.020,6.487,,09:01
10/01/17 11:00,14.10,13.78,91.70,7.520,10.280,90,6.930,12.910,10:48,86.10,7.940,,78.10,7.940,7.020,,10:01
10/01/17 12:00,14.10,13.80,103.30,9.150,13.290,100,8.000,14.580,11:30,100.40,8.500,,74.90,8.570,7.910,,11;01
10/01/17 13:00,14.10,13.82,100.10,9.620,15.760,100,9.000,15.990,12:10,113.80,8.880,0.00,73.90,8.880,8.500,0,12:01
10/01/17 14:00,14.09,13.87,102.30,7.420,14.250,100,7.390,14.250,13:57,93.20,9.130,0.00,72.60,9.150,8.850,0,13:01
10/01/17 15:00,14.09,13.93,95.60,9.570,13.420,100,8.520,15.630,14:40,101.40,9.220,0.00,71.50,9.250,9.110,0,14:01
10/01/17 16:00,14.10,14.00,83.90,7.090,10.630,90,6.897,12.560,15:50,84.10,9.040,0.00,72.30,9.370,9.040,0,15:01
10/01/17 17:00,14.09,14.05,43.66,6.027,9.030,80,6.900,12.070,16:16,79.00,8.210,0.00,76.40,9.030,8.210,0,16:01
10/01/17 18:00,14.09,14.09,57.31,5.867,7.580,70,6.334,10.950,17:28,84.30,8.070,0.00,77.00,8.310,8.050,0,17:01
10/01/17 19:00,14.09,14.11,62.15,5.462,8.290,50,6.020,9.540,18:20,59.05,8.100,0.00,78.00,8.130,7.970,0,18:01
10/01/17 20:00,14.09,14.14,65.23,5.933,8.770,70,5.636,9.440,19:31,55.80,7.980,0.00,80.80,8.100,7.950,0,19:01
10/01/17 21:00,14.09,14.16,64.28,5.926,8.710,70,6.912,11.690,20:33,60.49,7.840,0.00,86.70,8.020,7.840,0,20:01
10/01/17 22:00,14.09,14.16,58.98,6.321,9.930,60,6.447,11.820,21:29,68.65,8.040,0.00,89.00,8.040,7.710,0,21:01
10/01/17 23:00,14.09,14.16,65.24,6.425,10.730,70,6.749,11.020,22:36,76.80,8.430,0.00,90.30,8.430,8.020,0,22:01
11/01/17 00:00,14.09,14.16,71.90,7.270,11.300,60,7.580,12.390,23:08,46.19,8.240,0.00,92.80,8.430,8.210,0,23:01
11/01/17 01:00,14.09,14.18,55.41,6.924,9.440,70,7.810,12.810,00:21,64.28,8.250,0.00,92.90,8.310,8.210,0,00:01
11/01/17 02:00,14.09,14.20,68.56,7.630,11.790,70,8.020,13.290,01:26,64.92,8.390,0.00,91.30,8.420,8.260,0,01:01
11/01/17 03:00,14.09,14.23,62.74,8.750,13.930,70,8.670,14.700,02:36,72.40,8.170,0.00,91.30,8.460,8.160,0,02:01
11/01/17 04:00,14.09,14.18,57.18,8.590,13.900,70,10.560,17.940,03:07,76.30,8.090,0.00,90.70,8.210,8.090,0,03:01
11/01/17 05:00,14.09,14.16,74.30,13.940,20.800,70,10.610,20.800,04:52,75.20,8.780,0.00,89.50,8.780,8.080,0,04:01
11/01/17 06:00,14.09,14.16,63.58,7.970,11.140,70,9.360,20.760,05:05,86.00,9.340,0.00,91.30,9.340,8.680,0,05:01
11/01/17 07:00,14.09,14.18,83.10,12.350,17.370,70,10.380,17.400,06:41,75.20,10.370,0.00,90.00,10.380,9.310,0,06:01
11/01/17 08:00,14.09,14.20,79.70,11.080,15.600,80,11.180,18.870,07:17,77.90,10.650,0.00,85.10,10.650,10.290,0,07:01
11/01/17 09:00,14.09,14.23,60.26,6.885,9.640,80,8.800,17.880,08:01,78.80,10.160,0.00,86.10,10.750,10.100,0,08:01
11/01/17 10:00,14.09,14.25,87.50,8.500,13.130,80,8.030,14.290,09:18,92.30,11.130,0.00,78.40,11.130,10.100,0,09:01
11/01/17 11:00,14.09,14.32,102.00,16.200,30.710,100,13.530,30.710,10:55,85.20,11.500,0.00,55.74,11.900,11.190,0,10:01
11/01/17 12:00,14.09,14.38,113.30,11.850,22.500,110,14.600,28.490,11:02,116.80,11.080,0.00,53.97,11.500,11.070,0,11:01
11/01/17 13:00,14.08,14.47,128.60,10.450,18.680,120,14.210,29.780,12:07,104.50,10.980,0.00,54.56,11.100,10.900,0,12:01
11/01/17 14:00,14.09,14.56,125.40,16.090,29.710,120,14.970,30.480,13:48,127.70,10.440,0.00,49.03,10.920,10.440,0,13:01
11/01/17 15:00,14.08,14.64,115.40,12.690,22.340,110,12.850,27.150,14:07,115.00,10.160,0.00,46.80,10.710,10.100,0,14:01
11/01/17 16:00,14.07,14.71,112.00,14.670,25.060,110,15.540,28.170,15:36,104.00,9.610,0.00,49.16,10.100,9.610,0,15:01
11/01/17 17:00,14.07,14.75,98.80,13.000,23.170,110,12.380,25.350,16:16,118.40,9.090,0.00,50.11,9.570,9.070,0,16:01
11/01/17 18:00,14.07,14.82,99.90,11.540,20.860,100,13.450,25.670,17:09,97.70,8.520,0.00,50.37,9.090,8.520,0,17:01
11/01/17 19:00,14.07,14.84,73.60,9.580,15.380,80,10.940,19.390,18:26,89.10,7.590,0.00,55.97,8.480,7.590,0,18:01
11/01/17 20:00,14.07,14.87,75.90,10.710,15.250,80,10.700,20.410,19:33,81.40,7.340,0.00,57.10,7.540,7.340,0,19:01
11/01/17 21:00,14.07,14.82,70.20,11.550,16.180,70,10.950,18.580,20:36,65.28,6.697,0.00,60.54,7.330,6.686,0,20:01
11/01/17 22:00,14.07,14.73,84.20,12.200,21.820,80,11.930,21.820,21:55,81.30,6.859,0.00,60.62,6.941,6.669,0,21:01
11/01/17 23:00,14.08,14.69,76.50,10.740,17.080,70,10.010,17.080,22:51,71.70,6.443,0.00,63.96,6.859,6.439,0,22:01
12/01/17 00:00,14.09,14.60,72.70,10.330,15.630,70,10.700,17.080,23:24,81.50,6.189,0.00,68.24,6.434,6.135,0,23:01
12/01/17 01:00,14.09,14.52,74.90,10.750,17.300,80,11.210,19.580,00:02,74.10,6.362,0.00,68.72,6.362,6.201,0,00:01
12/01/17 02:00,14.09,14.45,71.80,10.240,16.560,70,9.270,16.560,01:52,73.20,6.163,0.00,72.30,6.352,6.086,0,01:01
12/01/17 03:00,14.09,14.38,76.10,10.270,16.400,80,10.680,17.910,02:39,77.60,6.485,0.00,69.48,6.485,6.176,0,02:01
12/01/17 04:00,14.09,14.29,64.88,9.810,14.380,70,11.170,18.520,03:19,74.80,6.368,0.00,69.52,6.514,6.355,0,03:01
12/01/17 05:00,14.09,14.18,69.00,11.760,19.770,70,10.940,19.770,04:51,72.10,6.460,0.00,70.30,6.496,6.355,0,04:01
12/01/17 06:00,14.10,14.09,68.06,10.540,16.310,70,9.520,19.030,05:01,73.90,6.507,0.00,73.40,6.519,6.379,0,05:01
12/01/17 07:00,14.10,14.02,61.33,7.030,11.300,70,8.240,13.710,06:04,54.06,6.287,0.00,76.90,6.484,6.287,0,06:01
12/01/17 08:00,14.10,13.96,58.01,9.740,15.790,50,9.370,15.790,07:59,63.33,6.284,0.00,77.40,6.338,6.217,0,07:01
12/01/17 09:00,14.10,13.87,47.85,9.070,12.680,50,8.860,17.010,08:33,46.08,6.639,0.00,76.80,6.639,6.282,0,08:01
12/01/17 10:00,14.10,13.80,48.24,7.660,12.520,50,8.130,14.250,09:14,55.59,7.200,0.00,76.00,7.210,6.649,0,09:01
12/01/17 11:00,14.10,13.75,40.23,8.630,14.930,50,8.440,15.180,10:29,45.27,7.450,0.00,75.90,7.480,7.220,0,10:01
12/01/17 12:00,14.10,13.73,35.97,5.390,9.860,40,6.503,12.590,11:02,47.70,6.943,0.22,82.70,7.450,6.943,1.29,11:47
12/01/17 13:00,14.11,13.78,45.71,5.329,8.510,40,5.086,9.510,12:03,41.09,6.653,1.08,87.20,6.955,6.653,2.58,12:37
12/01/17 14:00,14.10,13.82,61.54,3.499,5.789,70,4.781,10.950,13:08,76.10,6.188,1.94,89.20,6.645,6.153,3.87,13:32
12/01/17 15:00,14.10,13.84,6.03,4.395,6.334,40,3.574,8.160,14:16,60.48,5.638,1.94,90.10,6.182,5.638,2.58,14:15
12/01/17 16:00,14.10,13.87,42.52,3.219,5.404,360,3.562,7.260,15:48,21.78,4.608,3.01,86.70,5.717,4.608,5.16,15:55
12/01/17 17:00,14.10,13.87,161.40,8.180,15.060,140,3.417,15.060,16:59,146.80,3.338,6.45,89.20,4.635,3.338,7.74,16:17
12/01/17 18:00,14.10,13.84,176.40,9.900,17.850,180,8.760,18.550,17:43,170.20,1.291,3.23,96.90,3.312,1.257,7.74,17:02
12/01/17 19:00,14.10,13.80,160.40,14.700,25.290,170,11.840,26.730,18:41,154.90,2.044,2.80,93.00,2.044,1.270,3.87,18:17
12/01/17 20:00,14.11,13.69,139.40,9.090,17.010,150,12.210,27.340,19:10,158.00,2.634,1.08,88.40,2.663,2.050,2.58,19:01
12/01/17 21:00,14.11,13.62,121.30,9.820,17.720,130,10.870,21.790,20:04,148.00,3.117,0.22,84.40,3.117,2.627,1.29,20:10
12/01/17 22:00,14.11,13.53,119.70,11.850,18.940,120,12.880,26.700,21:46,120.70,3.167,0.00,80.50,3.276,3.117,0,21:01
12/01/17 23:00,14.12,13.44,110.00,12.510,21.340,110,12.830,23.870,22:23,105.10,2.686,0.00,77.80,3.176,2.684,0,22:01
12/01/17 00:00,14.12,13.35,97.50,12.720,19.230,100,12.730,22.690,23:29,111.30,2.309,0.00,78.40,2.681,2.309,0,23:01
13/01/17 01:00,14.12,13.28,99.50,10.670,17.690,100,11.690,20.640,00:25,105.50,1.937,0.00,80.70,2.261,1.937,0,00:01
13/01/17 02:00,14.12,13.22,92.30,10.690,15.630,90,9.880,17.240,01:45,84.90,1.624,0.00,82.50,1.935,1.620,0,01:01
13/01/17 03:00,14.12,13.13,88.80,10.990,16.020,90,11.060,17.240,02:10,95.80,1.661,0.00,83.30,1.720,1.582,0,02:01
13/01/17 04:00,14.12,13.06,94.00,8.370,16.400,90,8.240,16.400,03:53,105.60,1.906,0.00,82.50,1.938,1.661,0,03:01
13/01/17 05:00,14.13,12.99,111.50,11.320,18.810,90,8.610,18.810,04:56,100.50,2.496,0.00,81.30,2.496,1.912,0,04:01
13/01/17 06:00,14.13,12.90,113.80,10.310,17.750,110,11.000,22.980,05:14,110.90,2.394,0.00,80.40,2.518,2.379,0,05:01
13/01/17 07:00,14.13,12.81,96.70,12.060,18.710,100,10.810,19.770,06:06,108.30,2.538,0.00,79.30,2.540,2.348,0,06:01
13/01/17 08:00,14.14,12.75,111.00,14.930,24.040,100,12.800,25.830,07:35,110.80,2.686,0.00,70.50,2.686,2.502,0,07:01
13/01/17 09:00,14.14,12.61,89.30,14.930,23.070,100,14.860,25.250,08:49,93.20,2.537,0.00,71.90,2.832,2.537,0,08:01
13/01/17 10:00,14.14,12.53,93.70,17.340,29.900,90,16.490,29.900,09:51,97.80,3.204,0.00,68.68,3.204,2.459,0,09:01
13/01/17 11:00,14.14,12.44,98.00,16.970,29.550,100,17.490,35.930,10:37,96.80,1.879,0.22,88.80,3.431,1.853,1.29,10:52
13/01/17 12:00,14.14,12.37,111.90,12.820,22.500,100,14.500,28.680,11:38,111.30,4.450,0.22,75.80,4.450,1.847,1.29,11:01
13/01/17 13:00,14.15,12.37,126.40,12.300,25.060,120,13.810,29.970,12:40,121.50,5.741,0.00,66.51,5.741,4.448,0,12:01
13/01/17 14:00,14.15,12.41,137.10,13.830,26.090,140,15.220,34.870,13:11,124.50,6.115,0.00,61.90,6.131,5.764,0,13:01
13/01/17 15:00,14.14,12.44,132.50,15.080,27.950,140,14.080,27.950,14:57,136.90,6.206,0.00,57.47,6.232,6.112,0,14:01
13/01/17 16:00,14.14,12.48,138.80,11.400,20.090,140,11.830,24.800,15:06,130.40,6.230,0.00,58.31,6.242,6.171,0,15:01
13/01/17 17:00,14.14,12.53,136.60,9.990,15.570,140,11.050,21.280,16:07,130.70,6.204,0.00,59.10,6.296,6.181,0,16:01
13/01/17 18:00,14.14,12.57,136.50,9.530,16.210,130,9.810,22.430,17:46,162.90,5.407,0.00,67.36,6.193,5.265,0,17:01
13/01/17 19:00,14.14,12.59,113.70,9.560,14.740,120,9.830,19.550,18:05,119.80,4.613,0.00,73.30,5.406,4.613,0,18:01
13/01/17 20:00,14.14,12.68,108.10,9.860,17.240,110,10.930,18.680,19:40,112.70,3.953,0.00,75.50,4.591,3.953,0,19:01
13/01/17 21:00,14.14,12.64,120.20,9.040,16.050,120,9.260,18.550,20:44,122.20,3.752,0.00,74.50,3.927,3.749,0,20:01
13/01/17 22:00,14.14,12.61,112.20,9.360,17.400,120,9.210,17.400,21:51,113.50,3.189,0.00,75.40,3.755,3.184,0,21:01
13/01/17 23:00,14.14,12.61,113.60,8.810,15.860,110,8.650,16.850,22:38,105.40,2.616,0.00,76.80,3.165,2.604,0,22:01
14/01/17 00:00,14.14,12.59,115.60,7.710,13.390,120,8.760,15.630,23:01,109.60,2.466,0.00,75.50,2.666,2.439,0,23:01
14/01/17 01:00,14.14,12.55,112.00,7.010,10.950,110,7.130,12.780,00:15,110.60,2.523,0.00,72.00,2.642,2.366,0,00:01
14/01/17 02:00,14.14,12.53,109.00,9.070,14.290,110,8.290,14.480,01:30,101.60,2.144,0.00,77.00,2.519,2.134,0,01:01
14/01/17 03:00,14.14,12.50,97.20,8.580,14.420,100,7.420,14.420,02:58,93.60,1.988,0.00,78.90,2.131,1.985,0,02:01
14/01/17 04:00,14.14,12.48,96.80,9.900,14.640,80,7.650,14.640,03:52,100.10,1.772,0.00,78.60,1.959,1.291,0,03:01
14/01/17 05:00,14.14,12.44,77.80,6.725,13.260,90,8.460,14.900,04:22,92.80,1.460,0.00,80.10,1.760,1.460,0,04:01
14/01/17 06:00,14.15,12.39,73.40,8.320,11.080,80,8.040,15.410,05:32,96.40,1.525,0.00,82.20,1.688,1.442,0,05:01
14/01/17 07:00,14.15,12.33,75.90,7.940,11.050,70,7.760,13.520,06:21,69.57,1.656,0.00,83.30,1.686,1.486,0,06:01
14/01/17 08:00,14.15,12.28,88.30,8.690,12.560,90,8.150,13.200,07:47,93.60,2.277,0.00,81.90,2.307,1.703,0,07:01
14/01/17 09:00,14.15,12.22,82.60,7.540,12.040,80,7.790,13.810,08:47,87.90,2.455,0.00,82.10,2.508,2.181,0,08:01
14/01/17 10:00,14.16,12.17,85.50,6.318,9.570,80,6.830,13.160,09:24,84.20,3.237,0.00,80.40,3.249,2.403,0,09:01
14/01/17 11:00,14.16,12.15,111.90,8.020,13.870,100,7.530,15.120,10:43,113.30,4.535,0.00,75.70,4.535,3.245,0,10:01
14/01/17 12:00,14.15,12.13,165.50,10.720,18.940,130,8.630,19.640,11:30,139.50,4.714,0.00,75.00,5.407,4.505,0,11:01
14/01/17 13:00,14.16,12.15,114.80,8.100,14.220,130,9.430,23.430,12:06,159.30,3.821,0.43,84.60,4.668,3.761,1.29,12:07
14/01/17 14:00,14.15,12.17,99.60,7.670,12.560,100,7.900,15.090,13:38,98.60,4.152,0.00,86.40,4.152,3.667,0,13:01
14/01/17 15:00,14.15,12.24,102.90,5.890,10.790,110,6.368,11.300,14:18,113.60,4.753,0.00,85.60,4.753,4.039,0,14:01
14/01/17 16:00,14.15,12.28,110.10,6.275,10.050,100,6.207,11.720,15:22,95.00,4.780,0.00,83.70,5.201,4.581,0,15:01
14/01/17 17:00,14.14,12.35,111.60,5.538,9.860,110,5.401,12.170,16:20,126.70,4.485,0.00,84.90,4.801,4.421,0,16:01
14/01/17 18:00,14.14,12.39,114.60,6.846,11.720,110,5.880,11.720,17:57,128.00,4.698,0.00,84.00,4.753,4.488,0,17:01
14/01/17 19:00,14.14,12.41,105.30,7.660,12.040,110,6.997,12.040,18:58,107.10,4.721,0.00,85.60,4.736,4.594,0,18:01
14/01/17 20:00,14.14,12.44,102.40,5.511,8.450,100,5.093,9.000,19:46,103.40,4.294,0.00,87.60,4.715,4.134,0,19:01
14/01/17 21:00,14.14,12.44,129.00,4.711,9.120,120,5.014,11.210,20:49,141.10,4.623,0.00,84.70,4.682,4.242,0,20:01
14/01/17 22:00,14.14,12.44,75.40,4.309,5.308,110,4.517,8.640,21:05,142.60,3.922,0.00,88.10,4.718,3.877,0,21:01
14/01/17 23:00,14.14,12.44,86.70,3.961,5.116,80,4.384,6.334,22:25,88.60,3.577,0.00,89.80,3.937,3.561,0,22:01
15/01/17 00:00,14.14,12.44,97.00,4.938,6.334,100,4.518,7.230,23:23,99.00,3.633,0.00,88.30,3.947,3.508,0,23:01
15/01/17 01:00,14.14,12.44,75.60,3.890,5.020,100,5.008,9.120,00:20,102.70,3.090,0.00,90.50,3.732,3.090,0,00:01
15/01/17 02:00,14.14,12.44,92.20,3.745,5.212,80,3.917,5.725,01:32,81.80,3.127,0.00,91.80,3.127,2.921,0,01:01
15/01/17 03:00,14.14,12.44,109.40,4.359,7.040,110,5.469,10.630,02:16,116.20,3.849,0.00,86.30,3.849,3.133,0,02:01
15/01/17 04:00,14.14,12.46,113.40,5.112,8.320,110,4.465,8.320,03:56,111.60,4.020,0.00,84.20,4.033,3.852,0,03:01
15/01/17 05:00,14.14,12.48,110.50,7.260,12.430,110,6.710,13.360,04:37,106.90,3.867,0.00,88.40,4.084,3.852,0,04:01
15/01/17 06:00,14.14,12.48,74.30,2.935,5.533,80,3.950,9.410,05:13,106.50,3.527,0.22,91.90,3.888,3.494,1.29,05:13
15/01/17 07:00,14.14,12.53,59.54,4.797,6.591,60,3.991,6.687,06:48,45.71,3.322,0.43,95.30,3.587,3.296,1.29,06:10
15/01/17 08:00,14.14,12.55,56.54,5.216,7.550,60,4.576,7.780,07:38,71.30,3.389,0.65,97.40,3.399,3.308,1.29,07:01
15/01/17 09:00,14.14,12.55,51.39,4.687,7.330,60,4.896,8.610,08:29,47.50,3.755,1.08,97.80,3.755,3.377,2.58,08:13
15/01/17 10:00,14.14,12.55,50.42,6.482,8.960,50,6.038,10.280,09:46,46.56,4.452,0.65,97.90,4.459,3.768,1.29,09:11
15/01/17 11:00,14.14,12.55,64.31,8.370,12.460,70,7.940,13.070,10:37,70.80,5.290,0.86,97.50,5.290,4.476,2.58,10:45
15/01/17 12:00,14.14,12.53,76.00,8.540,12.810,70,8.470,15.090,11:03,58.31,5.966,0.65,98.00,5.966,5.306,1.29,11:03
15/01/17 13:00,14.14,12.55,90.80,8.160,12.560,90,8.190,12.810,12:30,93.80,6.941,0.43,97.80,6.941,5.981,1.29,12:05
15/01/17 14:00,14.14,12.61,108.00,8.230,13.740,110,8.200,14.830,13:36,105.00,7.940,0.43,96.90,7.940,6.966,1.29,13:14
15/01/17 15:00,14.14,12.68,117.20,7.420,13.710,120,7.760,17.370,14:13,109.50,8.470,0.43,95.60,8.470,7.920,1.29,14:15
15/01/17 16:00,14.14,12.77,123.00,6.147,9.830,120,6.842,12.970,15:47,125.20,8.790,0.22,94.70,8.840,8.480,1.29,15:01
15/01/17 17:00,14.13,12.84,135.80,7.050,13.070,120,6.282,13.070,16:55,138.80,9.200,0.00,93.90,9.230,8.780,1.29,16:01
15/01/17 18:00,14.13,12.90,161.10,8.490,13.970,140,6.933,13.970,17:46,149.50,9.300,0.00,92.50,9.410,9.200,0,17:01
15/01/17 19:00,14.13,12.97,194.40,6.639,13.580,170,6.482,15.380,18:48,186.90,9.400,0.22,89.10,9.520,9.220,1.29,18:06
15/01/17 20:00,14.12,13.06,207.80,4.657,10.470,210,6.700,14.900,19:20,195.70,8.910,0.00,87.20,9.390,8.880,0,19:01
15/01/17 21:00,14.12,13.13,178.00,5.501,11.110,170,5.174,12.460,20:29,157.80,8.860,0.00,86.40,8.960,8.810,0,20:01
15/01/17 22:00,14.12,13.22,177.80,6.774,12.720,180,6.596,14.900,21:39,185.10,8.450,0.00,90.80,8.860,8.450,0,21:01
15/01/17 23:00,14.12,13.28,188.50,5.557,10.540,190,5.472,11.340,22:01,178.10,8.340,0.22,92.50,8.480,8.340,1.29,22:22
16/01/17 00:00,14.11,13.37,233.90,3.965,6.783,210,4.132,10.440,23:29,213.00,7.820,0.00,94.40,8.410,7.800,0,23:01
16/01/17 01:00,14.11,13.44,249.90,3.299,7.360,240,4.032,8.420,00:49,271.40,6.830,0.00,96.00,7.930,6.762,0,00:01
16/01/17 02:00,14.11,13.53,257.10,3.332,5.372,270,3.761,7.460,01:28,246.30,6.259,0.00,96.40,6.929,6.127,0,01:01
16/01/17 03:00,14.11,13.57,276.10,6.380,9.700,240,5.163,9.700,02:59,267.70,5.970,0.00,93.30,6.272,5.949,0,02:01
16/01/17 04:00,14.10,13.62,296.90,2.274,4.154,290,4.204,9.610,03:01,270.10,5.774,0.00,93.30,5.959,5.584,0,03:01
16/01/17 05:00,14.10,13.64,293.40,5.271,7.710,290,4.334,7.710,04:55,291.90,5.444,0.00,94.90,5.840,5.341,0,04:01
16/01/17 06:00,14.10,13.69,292.00,5.400,7.360,290,4.991,7.840,05:01,295.80,5.387,0.22,93.80,5.480,5.277,1.29,05:44
16/01/17 07:00,14.10,13.71,306.40,3.491,4.507,310,3.773,7.680,06:01,290.10,5.292,0.43,93.90,5.396,5.045,1.29,06:22
16/01/17 08:00,14.10,13.71,316.50,0.795,2.486,300,2.533,5.020,07:16,294.80,5.352,0.43,93.70,5.427,5.101,1.29,07:15
16/01/17 09:00,14.10,13.73,318.80,1.722,3.096,320,1.657,3.192,08:38,304.20,5.082,0.86,92.80,5.374,5.045,2.58,08:47
16/01/17 10:00,14.10,13.73,321.90,3.716,5.757,320,2.570,5.757,09:59,325.40,4.932,0.86,90.90,5.656,4.932,2.58,09:01
16/01/17 11:00,14.10,13.73,290.60,4.151,6.206,290,3.983,6.751,10:10,307.80,4.952,0.86,88.00,5.018,4.628,2.58,10:10
16/01/17 12:00,14.10,13.71,295.00,3.963,5.533,300,3.228,5.597,11:26,292.80,4.816,0.22,86.20,5.043,4.573,1.29,11:07
16/01/17 13:00,14.10,13.71,291.10,5.247,7.010,290,4.262,7.010,12:59,293.10,4.917,0.00,85.10,5.033,4.583,0,12:01
16/01/17 14:00,14.10,13.71,301.80,4.798,6.527,290,4.041,7.420,13:26,286.80,4.982,0.00,81.20,5.361,4.630,0,13:01
16/01/17 15:00,14.10,13.71,291.50,2.803,4.603,290,3.679,7.300,14:24,291.70,5.165,0.00,81.90,5.366,4.948,0,14:01
16/01/17 16:00,14.10,13.75,310.40,1.780,3.545,310,2.262,4.571,15:41,295.40,5.310,0.00,81.80,5.577,5.130,0,15:01
16/01/17 17:00,14.10,13.78,306.40,2.864,4.058,300,3.287,5.308,16:50,295.00,5.140,0.00,81.80,5.273,5.140,0,16:01
16/01/17 18:00,14.10,13.80,299.90,4.744,5.982,290,3.387,6.142,17:36,298.90,5.345,0.00,82.50,5.398,5.140,0,17:01
16/01/17 19:00,14.10,13.80,325.10,2.265,3.416,290,2.941,5.629,18:05,288.00,5.465,0.00,83.10,5.520,5.340,0,18:01
16/01/17 20:00,14.10,13.78,324.60,2.659,3.737,320,3.033,4.603,19:27,303.30,5.353,0.00,78.50,5.489,5.312,0,19:01
16/01/17 21:00,14.10,13.75,308.50,1.591,2.743,320,2.554,4.923,20:07,323.50,5.480,0.00,80.00,5.496,5.336,0,20:01
16/01/17 22:00,14.10,13.71,272.80,3.048,5.020,280,2.597,5.212,21:50,284.70,5.657,0.00,80.90,5.780,5.498,0,21:01
16/01/17 23:00,14.10,13.71,307.00,3.270,4.539,270,1.676,4.539,22:57,302.60,5.445,0.00,80.80,5.741,5.400,0,22:01
17/01/17 00:00,14.10,13.71,275.60,3.842,5.950,280,3.915,6.142,23:26,277.60,5.234,0.00,83.80,5.547,5.234,0,23:01
17/01/17 01:00,14.10,13.71,301.90,2.547,4.539,300,3.765,7.100,00:16,291.90,4.591,0.00,86.20,5.314,4.570,0,00:01
17/01/17 02:00,14.10,13.69,298.30,3.036,5.116,290,3.331,6.206,01:26,288.60,4.289,0.00,85.70,4.572,4.289,0,01:01
17/01/17 03:00,14.10,13.66,300.70,5.223,7.390,290,3.952,7.390,02:53,296.10,3.781,0.00,86.20,4.312,3.781,0,02:01
17/01/17 04:00,14.11,13.62,287.90,1.431,3.224,300,2.180,6.815,03:01,304.20,3.628,0.00,86.50,3.826,3.628,0,03:01
17/01/17 05:00,14.11,13.57,298.00,2.409,3.769,290,2.748,4.763,04:26,291.40,3.535,0.00,87.90,3.801,3.475,0,04:01
17/01/17 06:00,14.11,13.53,281.50,3.694,4.763,280,3.260,5.885,05:41,286.80,3.498,0.00,87.00,3.664,3.391,0,05:01
17/01/17 07:00,14.11,13.48,282.20,3.132,4.988,280,3.652,6.142,06:04,272.30,3.304,0.00,89.50,3.660,3.164,0,06:01
17/01/17 08:00,14.12,13.44,305.70,3.215,5.084,290,3.280,5.565,07:08,289.40,2.604,0.00,89.50,3.375,2.604,0,07:01
17/01/17 09:00,14.12,13.37,312.70,1.685,3.064,320,2.476,5.148,08:11,329.60,3.259,0.00,89.20,3.259,2.271,0,08:01
17/01/17 10:00,14.12,13.30,301.10,3.725,5.789,290,2.012,5.789,09:54,299.70,4.063,0.00,81.60,4.519,3.300,0,09:01
17/01/17 11:00,14.12,13.28,322.30,4.023,5.693,300,3.761,6.591,10:04,323.10,5.229,0.00,69.90,5.496,3.864,0,10:01
17/01/17 12:00,14.12,13.33,315.40,4.371,7.910,310,4.895,8.070,11:28,307.00,5.601,0.00,56.78,6.225,4.324,0,11:01
17/01/17 13:00,14.11,13.42,300.00,4.363,6.527,320,4.961,9.440,12:01,326.20,6.568,0.00,42.02,6.973,4.744,0,12:01
17/01/17 14:00,14.11,13.53,4.52,3.351,5.789,310,3.980,7.420,13:01,305.40,6.080,0.00,35.11,7.060,5.297,0,13:01
17/01/17 15:00,14.10,13.69,319.80,3.993,6.463,300,3.408,6.687,14:42,295.90,6.304,0.00,46.62,7.210,5.237,0,14:01
17/01/17 16:00,14.09,13.84,321.60,3.416,5.757,330,3.625,6.976,15:04,305.40,5.287,0.00,52.23,6.642,5.017,0,15:01
17/01/17 17:00,14.10,13.98,318.90,4.702,5.982,320,4.356,6.719,16:11,304.80,4.225,0.00,54.77,5.311,4.225,0,16:01
17/01/17 18:00,14.09,14.02,338.20,3.981,6.078,340,3.472,6.078,17:57,337.40,3.751,0.00,67.59,4.207,3.751,0,17:01
17/01/17 19:00,14.09,14.05,334.40,2.334,3.897,350,2.677,4.891,18:02,339.70,3.465,0.00,72.00,3.774,3.449,0,18:01
17/01/17 20:00,14.10,14.05,321.40,3.083,4.988,320,3.161,4.988,19:53,325.40,2.643,0.00,74.10,3.467,2.595,0,19:01
17/01/17 21:00,14.10,14.00,317.20,2.469,4.442,320,2.576,6.174,20:40,327.30,2.020,0.00,75.50,2.600,1.973,0,20:01
17/01/17 22:00,14.10,13.89,322.40,1.430,2.967,360,0.282,2.967,22:00,323.20,2.338,0.00,69.28,2.338,2.024,0,21:01
17/01/17 23:00,14.10,13.78,319.80,0.051,1.204,300,1.193,3.320,22:03,300.50,1.523,0.00,67.27,2.298,1.503,0,22:01
18/01/17 00:00,14.10,13.66,294.90,2.471,3.769,290,1.524,3.801,23:47,287.00,1.591,0.00,63.02,1.916,1.542,0,23:01
18/01/17 01:00,14.11,13.55,329.40,0.011,0.466,360,0.755,2.711,00:27,338.10,1.564,0.00,62.79,1.606,1.324,0,00:01
18/01/17 02:00,14.12,13.48,275.00,2.182,2.903,270,1.489,3.128,01:21,285.90,1.181,0.00,67.70,1.540,1.072,0,01:01
18/01/17 03:00,14.12,13.39,273.60,1.765,2.551,280,1.838,3.384,02:45,281.80,0.947,0.00,72.70,1.152,0.865,0,02:01
18/01/17 04:00,14.12,13.30,267.50,1.078,1.909,270,1.707,3.288,03:18,287.20,0.764,0.00,75.70,0.936,0.670,0,03:01
18/01/17 05:00,14.12,13.19,297.70,2.146,2.839,300,1.722,2.903,04:12,292.80,0.337,0.00,80.10,0.782,0.337,0,04:01
18/01/17 06:00,14.13,13.06,282.90,1.824,2.262,280,1.704,3.064,05:01,291.60,0.442,0.00,80.30,0.709,0.327,0,05:01
18/01/17 07:00,14.13,12.95,299.50,2.576,3.160,300,2.510,3.288,06:44,294.80,-0.049,0.00,83.70,0.633,-0.068,0,06:01
18/01/17 08:00,14.14,12.81,290.40,2.515,3.448,310,3.043,5.340,07:23,321.50,-0.015,0.00,82.00,0.152,-0.310,0,07:01
18/01/17 09:00,14.14,12.70,305.10,2.134,2.518,290,2.197,5.437,08:08,294.10,0.824,0.00,78.50,1.377,-0.123,0,08:01
18/01/17 10:00,14.14,12.61,313.60,1.517,2.775,280,1.509,2.903,09:24,283.30,2.882,0.00,70.90,2.955,0.738,0,09:01
18/01/17 11:00,14.14,12.57,2.52,1.163,2.999,320,1.420,3.897,10:03,316.20,4.936,0.00,56.93,4.936,2.288,0,10:01
18/01/17 12:00,14.14,12.61,303.20,2.586,4.603,300,1.457,4.603,11:59,315.30,4.243,0.00,45.55,6.027,4.217,0,11:01
18/01/17 13:00,14.13,12.73,303.40,1.510,3.320,290,1.791,4.507,12:34,337.90,6.202,0.00,41.82,7.410,4.012,0,12:01
18/01/17 14:00,14.12,12.90,285.30,4.041,6.783,260,2.773,7.420,13:37,276.30,6.271,0.00,43.65,7.020,5.657,0,13:01
18/01/17 15:00,14.12,13.10,291.80,3.934,6.559,270,4.130,6.944,14:17,279.40,6.870,0.00,46.82,6.935,5.817,0,14:01
18/01/17 16:00,14.12,13.30,272.80,4.381,5.950,280,4.270,8.070,15:18,279.40,6.057,0.00,52.40,7.150,5.529,0,15:01
18/01/17 17:00,14.11,13.51,287.50,2.635,4.346,280,3.031,6.687,16:03,273.00,5.191,0.00,58.72,5.872,5.028,0,16:01
18/01/17 18:00,14.10,13.62,302.40,1.323,2.711,310,2.348,4.154,17:38,299.00,4.341,0.00,63.14,5.183,4.246,0,17:01
18/01/17 19:00,14.10,13.73,300.00,2.818,4.539,300,2.642,4.539,19:00,305.70,3.804,0.00,68.34,4.342,3.796,0,18:01
18/01/17 20:00,14.10,13.78,294.50,3.332,4.571,300,2.757,4.988,19:06,308.00,3.609,0.00,71.90,3.883,3.541,0,19:01
18/01/17 21:00,14.10,13.80,291.00,1.437,2.615,290,1.711,4.282,20:01,301.60,3.648,0.00,73.40,3.742,3.424,0,20:01
18/01/17 22:00,14.10,13.80,230.00,3.581,5.918,230,2.495,5.918,21:59,220.00,3.576,0.00,72.50,3.779,3.553,0,21:01
18/01/17 23:00,14.10,13.78,226.00,3.538,5.276,240,3.575,7.070,22:37,231.60,3.371,0.00,73.00,3.610,3.371,0,22:01
19/01/17 00:00,14.10,13.75,222.70,3.128,5.180,230,3.410,6.623,23:31,232.00,2.942,0.00,74.50,3.558,2.942,0,23:01
19/01/17 01:00,14.11,13.69,254.40,3.236,5.116,240,3.328,6.623,00:21,244.20,2.487,0.00,76.80,2.994,2.487,0,00:01
19/01/17 02:00,14.11,13.64,232.50,4.153,6.847,230,3.699,6.847,01:55,233.10,2.494,0.00,76.60,2.638,2.323,0,01:01
19/01/17 03:00,14.11,13.60,237.30,3.658,5.372,240,3.809,6.815,02:03,236.40,2.113,0.00,78.10,2.562,2.061,0,02:01
19/01/17 04:00,14.12,13.51,231.90,3.056,5.180,240,3.482,5.821,03:14,245.10,2.059,0.00,79.50,2.248,1.924,0,03:01
19/01/17 05:00,14.12,13.46,249.20,2.912,4.282,250,2.660,4.763,04:02,218.70,1.903,0.00,80.60,2.263,1.736,0,04:01
19/01/17 06:00,14.12,13.39,231.00,2.737,4.282,230,2.603,4.859,05:09,222.70,1.817,0.00,81.20,2.026,1.619,0,05:01
19/01/17 07:00,14.12,13.33,222.40,2.748,4.859,250,2.969,5.693,06:49,225.40,1.512,0.00,81.80,1.832,1.448,0,06:01
19/01/17 08:00,14.12,13.26,238.20,3.762,6.847,220,3.571,6.847,07:51,226.80,1.773,0.00,80.50,1.911,1.516,0,07:01
19/01/17 09:00,14.12,13.19,246.70,2.532,4.923,240,3.430,6.399,08:01,233.40,2.298,0.00,79.20,2.347,1.643,0,08:01
19/01/17 10:00,14.12,13.15,227.30,3.721,5.982,230,2.984,6.559,09:45,276.40,4.019,0.00,74.20,4.480,2.311,0,09:01
19/01/17 11:00,14.12,13.15,217.80,2.341,4.956,230,3.725,8.070,10:08,237.70,5.403,0.00,69.39,5.876,3.861,0,10:01
19/01/17 12:00,14.12,13.26,220.60,4.262,7.580,230,3.410,7.580,11:55,226.50,5.583,0.00,65.59,6.471,5.493,0,11:01
19/01/17 13:00,14.11,13.42,215.70,3.654,7.420,220,4.086,7.940,12:30,234.30,7.140,0.00,62.93,7.140,5.431,0,12:01
19/01/17 14:00,14.10,13.62,273.70,7.470,11.980,280,6.478,12.560,13:49,270.90,8.020,0.00,52.41,8.280,6.842,0,13:01
19/01/17 15:00,14.10,13.82,275.40,8.890,12.720,280,7.920,13.360,14:26,284.10,7.000,0.00,57.28,7.810,7.000,0,14:01
19/01/17 16:00,14.09,13.98,259.40,3.945,9.000,270,5.349,13.070,15:01,269.70,6.688,0.00,64.78,7.120,6.475,0,15:01
19/01/17 17:00,14.09,14.14,245.90,3.268,6.495,250,3.994,9.250,16:13,242.90,5.816,0.00,68.40,6.610,5.816,0,16:01
19/01/17 18:00,14.09,14.23,231.50,4.073,7.330,230,4.431,7.970,17:33,233.20,5.178,0.00,71.50,5.790,5.149,0,17:01
19/01/17 19:00,14.09,14.27,247.10,4.299,7.910,240,3.934,8.640,18:25,240.20,4.512,0.00,72.70,5.157,4.512,0,18:01
19/01/17 20:00,14.09,14.29,241.00,3.811,6.463,240,3.999,8.710,19:05,249.10,3.986,0.00,76.00,4.524,3.986,0,19:01
19/01/17 21:00,14.09,14.27,225.80,5.257,8.480,230,4.167,8.480,20:59,228.90,3.623,0.00,76.10,3.973,3.623,0,20:01
19/01/17 22:00,14.09,14.23,214.80,5.230,7.520,230,4.992,8.800,21:15,222.00,3.412,0.00,75.70,3.636,3.311,0,21:01
19/01/17 23:00,14.09,14.18,230.80,4.291,7.550,230,4.688,7.710,22:03,211.30,3.063,0.00,76.80,3.409,3.035,0,22:01
20/01/17 00:00,14.10,14.11,231.70,4.391,6.847,230,4.290,6.944,23:18,225.90,2.746,0.00,78.40,3.105,2.683,0,23:01
20/01/17 01:00,14.10,14.05,222.30,4.611,7.140,230,4.265,7.170,00:24,225.40,2.367,0.00,79.50,2.757,2.337,0,00:01
20/01/17 02:00,14.10,13.98,244.10,4.321,8.070,230,5.260,9.610,01:47,232.70,1.961,0.00,81.80,2.459,1.879,0,01:01
20/01/17 03:00,14.10,13.87,232.20,5.540,8.130,240,5.006,8.130,02:58,230.80,1.613,0.00,83.10,1.908,1.613,0,02:01
20/01/17 04:00,14.10,13.78,238.90,4.473,6.912,230,5.277,8.930,03:02,231.10,1.445,0.00,83.60,1.603,1.370,0,03:01
20/01/17 05:00,14.10,13.69,231.70,4.796,7.070,230,4.837,7.710,04:12,236.20,1.470,0.00,83.40,1.473,1.303,0,04:01
20/01/17 06:00,14.11,13.60,231.20,4.311,6.623,240,4.608,7.260,05:43,228.40,1.183,0.00,82.60,1.513,1.123,0,05:01
20/01/17 07:00,14.12,13.53,230.20,4.172,6.174,230,3.695,6.655,06:10,229.60,1.219,0.00,81.10,1.338,1.015,0,06:01
20/01/17 08:00,14.12,13.44,237.00,2.722,5.244,230,3.812,6.751,07:43,241.70,1.282,0.00,82.50,1.284,0.948,0,07:01
20/01/17 09:00,14.12,13.35,217.40,4.185,7.260,220,3.686,8.260,08:49,210.10,1.855,0.00,80.00,1.922,1.174,0,08:01
20/01/17 10:00,14.12,13.28,234.80,4.512,8.290,230,4.506,8.350,09:36,228.60,2.514,0.00,75.10,2.695,1.765,0,09:01
20/01/17 11:00,14.12,13.30,235.00,4.201,7.780,230,5.173,10.440,10:49,235.40,4.526,0.00,66.84,4.598,2.505,0,10:01
20/01/17 12:00,14.12,13.35,255.40,5.362,11.300,240,4.689,11.590,11:31,235.30,7.170,0.00,55.88,7.170,4.660,0,11:01
20/01/17 13:00,14.10,13.51,267.50,9.450,17.300,270,9.480,18.420,12:34,266.80,7.400,0.00,50.64,7.710,6.685,0,12:01
20/01/17 14:00,14.11,13.69,271.20,8.780,16.080,270,9.370,19.550,13:16,274.10,7.480,0.00,45.90,7.780,6.849,0,13:01
20/01/17 15:00,14.10,13.89,271.70,12.520,18.520,270,11.100,18.810,14:20,268.10,7.340,0.00,44.04,8.030,7.210,0,14:01
20/01/17 16:00,14.09,14.05,268.70,8.540,15.120,270,10.820,19.260,15:26,270.50,6.880,0.00,45.71,7.560,6.717,0,15:01
20/01/17 17:00,14.09,14.20,247.00,9.170,14.290,240,7.720,15.470,16:15,264.60,5.638,0.00,54.17,6.951,5.638,0,16:01
20/01/17 18:00,14.09,14.29,243.70,6.320,11.910,240,6.983,13.930,17:10,248.40,5.045,0.00,58.52,5.640,5.007,0,17:01
20/01/17 19:00,14.09,14.31,228.00,6.281,10.820,230,5.938,11.850,18:26,247.00,4.372,0.00,66.03,5.019,4.320,0,18:01
20/01/17 20:00,14.09,14.32,229.60,6.807,10.180,230,6.754,11.750,19:33,218.00,4.012,0.00,72.60,4.423,4.012,0,19:01
20/01/17 21:00,14.09,14.29,255.00,4.508,7.780,260,4.600,10.210,20:03,242.10,3.665,0.00,77.60,4.163,3.665,0,20:01
20/01/17 22:00,14.09,14.25,237.80,5.004,7.520,240,5.357,8.800,21:35,233.60,3.098,0.00,82.60,3.653,3.062,0,21:01
20/01/17 23:00,14.10,14.20,242.90,6.171,8.800,240,6.060,9.800,22:42,242.40,3.040,0.00,80.90,3.319,3.010,0,22:01
21/01/17 00:00,14.09,14.14,238.30,5.069,7.420,240,4.546,7.420,23:57,238.30,2.699,0.00,82.80,3.040,2.682,0,23:01
21/01/17 01:00,14.09,14.07,268.50,5.513,8.230,270,5.595,10.790,00:31,267.60,2.854,0.00,76.60,2.895,2.541,0,00:01
21/01/17 02:00,14.10,14.00,248.50,5.172,9.280,250,5.025,9.280,01:56,258.20,2.511,0.00,75.30,2.903,2.359,0,01:01
21/01/17 03:00,14.10,13.91,261.00,4.838,6.880,260,5.590,10.050,02:04,252.40,2.332,0.00,71.80,2.737,2.332,0,02:01
21/01/17 04:00,14.10,13.82,232.80,5.161,7.170,240,5.049,7.870,03:40,243.30,1.823,0.00,74.00,2.358,1.823,0,03:01
21/01/17 05:00,14.10,13.73,243.00,3.342,5.437,240,3.630,7.260,04:01,230.00,1.699,0.00,73.40,1.899,1.678,0,04:01
21/01/17 06:00,14.11,13.66,224.30,4.730,7.100,240,4.088,7.100,05:58,222.80,1.206,0.00,80.60,1.823,1.199,0,05:01
21/01/17 07:00,14.11,13.55,231.50,5.271,8.030,230,5.137,8.450,06:35,224.50,0.808,0.00,83.70,1.201,0.808,0,06:01
21/01/17 08:00,14.12,13.44,229.80,5.543,8.030,230,5.317,8.030,07:54,228.70,0.596,0.00,84.90,0.871,0.589,0,07:01
21/01/17 09:00,14.12,13.35,240.50,3.563,5.533,240,3.949,7.300,08:43,234.90,1.378,0.00,79.60,1.423,0.652,0,08:01
21/01/17 10:00,14.12,13.28,276.50,2.521,5.244,240,2.793,5.629,09:06,236.30,3.621,0.00,70.60,3.621,1.443,0,09:01
21/01/17 11:00,14.12,13.28,274.40,6.814,9.960,270,4.959,9.960,10:53,267.60,3.685,0.00,66.59,4.045,2.670,0,10:01
21/01/17 12:00,14.12,13.33,298.50,5.299,10.630,280,5.913,11.720,11:20,273.80,4.838,0.00,48.71,5.352,3.814,0,11:01
21/01/17 13:00,14.11,13.44,290.80,9.310,13.870,280,6.406,13.870,13:00,291.80,5.392,0.00,35.42,6.070,4.314,0,12:01
21/01/17 14:00,14.11,13.60,273.90,9.160,14.320,270,8.670,14.350,13:30,292.70,5.461,0.00,42.96,5.839,4.623,0,13:01
21/01/17 15:00,14.10,13.78,274.10,7.740,11.240,270,7.910,14.130,14:23,271.20,5.373,0.00,41.55,5.799,4.949,0,14:01
21/01/17 16:00,14.10,13.93,294.80,5.131,8.480,270,5.697,11.110,15:02,274.20,5.038,0.00,44.79,5.725,4.510,0,15:01
21/01/17 17:00,14.09,14.05,298.60,4.610,6.078,290,5.019,8.420,16:07,292.10,3.732,0.00,49.92,5.143,3.732,0,16:01
21/01/17 18:00,14.10,14.14,334.50,4.686,6.847,340,4.755,8.420,17:07,330.30,2.348,0.00,60.00,3.802,2.275,0,17:01
21/01/17 19:00,14.09,14.11,339.70,4.651,7.650,330,4.392,7.650,18:54,343.10,1.365,0.00,68.66,2.265,1.365,0,18:01
21/01/17 20:00,14.10,14.09,0.10,2.276,4.026,360,4.259,9.440,19:08,357.40,1.056,0.00,72.00,1.392,0.972,0,19:01
21/01/17 21:00,14.10,14.02,355.50,1.179,2.935,360,1.712,4.539,20:17,10.21,0.765,0.00,75.10,1.086,0.758,0,20:01
21/01/17 22:00,14.10,13.91,39.85,2.465,4.635,40,2.379,4.635,21:54,35.88,0.382,0.00,80.00,0.787,0.357,0,21:01
21/01/17 23:00,14.10,13.82,23.71,2.222,4.250,10,2.915,6.174,22:14,16.19,0.382,0.00,80.50,0.582,0.378,0,22:01
22/01/17 00:00,14.10,13.71,15.73,3.822,5.821,20,3.542,5.982,23:29,13.68,0.782,0.00,78.70,0.782,0.387,0,23:01
22/01/17 01:00,14.11,13.57,33.67,0.531,3.064,10,2.664,6.719,00:13,17.08,0.672,0.00,78.80,0.936,0.639,0,00:01
22/01/17 02:00,14.11,13.46,11.24,1.959,2.454,360,1.711,2.679,01:22,5.02,0.788,0.00,79.40,0.841,0.597,0,01:01
22/01/17 03:00,14.12,13.35,56.29,0.499,1.749,360,2.053,3.737,02:26,355.80,0.406,0.00,82.10,0.759,0.232,0,02:01
22/01/17 04:00,14.12,13.22,293.70,2.226,2.999,280,1.566,3.224,03:47,292.00,-0.022,0.00,83.30,0.506,-0.121,0,03:01
22/01/17 05:00,14.13,13.08,284.50,2.349,2.743,290,1.208,2.743,04:59,283.00,-0.185,0.00,83.90,0.707,-0.230,0,04:01
22/01/17 06:00,14.13,12.95,274.30,3.594,4.923,270,3.012,5.501,05:47,274.80,-0.386,0.00,85.50,-0.097,-0.787,0,05:01
22/01/17 07:00,14.14,12.81,284.30,3.219,4.058,280,3.776,6.078,06:12,277.80,-0.894,0.00,87.80,-0.300,-0.922,0,06:01
22/01/17 08:00,14.14,12.68,275.10,4.514,5.629,270,3.699,6.880,07:36,274.10,-0.928,0.00,88.10,-0.735,-1.035,0,07:01
22/01/17 09:00,14.14,12.55,268.50,1.401,2.679,280,2.202,5.244,08:03,284.30,0.772,0.00,85.30,0.772,-1.116,0,08:01
22/01/17 10:00,14.15,12.44,314.30,1.678,2.967,310,1.737,3.641,09:48,313.70,1.604,0.00,83.30,1.604,0.220,0,09:01
22/01/17 11:00,14.15,12.37,285.50,3.648,5.821,280,1.952,5.821,10:56,273.70,3.569,0.00,70.40,4.116,1.761,0,10:01
22/01/17 12:00,14.14,12.39,258.20,1.072,2.262,280,1.887,5.052,11:10,320.00,4.525,0.00,70.20,5.509,3.529,0,11:01
22/01/17 13:00,14.14,12.46,112.50,0.942,2.454,290,1.495,3.673,12:35,271.60,6.099,0.00,59.85,6.725,4.793,0,12:01
22/01/17 14:00,14.14,12.64,294.50,1.573,3.032,310,1.537,3.865,13:47,306.70,7.210,0.00,64.58,7.710,5.414,0,13:01
22/01/17 15:00,14.13,12.81,268.60,0.573,2.743,270,1.086,3.929,14:03,268.50,7.770,0.00,61.85,7.880,6.951,0,14:01
22/01/17 16:00,14.12,13.01,236.60,1.556,2.422,270,1.685,3.448,15:07,301.50,7.150,0.00,65.29,8.240,6.616,0,15:01
22/01/17 17:00,14.12,13.19,309.10,3.184,3.641,310,1.783,3.641,16:56,307.20,5.778,0.00,73.80,7.090,5.778,0,16:01
22/01/17 18:00,14.11,13.35,284.60,1.675,2.679,300,2.564,4.699,17:19,299.00,5.246,0.00,76.70,5.698,5.156,0,17:01
22/01/17 19:00,14.11,13.44,290.60,3.305,4.090,290,2.385,4.314,18:40,266.10,4.325,0.00,80.00,5.235,4.320,0,18:01
22/01/17 20:00,14.11,13.48,300.10,1.881,3.769,300,2.836,6.559,19:16,303.50,3.359,0.00,84.70,4.412,3.359,0,19:01
22/01/17 21:00,14.11,13.53,252.00,2.226,4.282,290,2.628,4.282,21:00,208.90,3.149,0.00,84.90,3.521,3.009,0,20:01
22/01/17 22:00,14.11,13.51,273.40,2.300,3.224,280,2.490,6.014,21:01,206.00,2.639,0.00,86.30,3.131,2.581,0,21:01
22/01/17 23:00,14.12,13.46,281.30,2.035,3.224,280,2.598,4.282,22:05,279.80,2.029,0.00,87.90,2.634,2.008,0,22:01
23/01/17 00:00,14.12,13.39,287.60,0.993,2.390,280,2.215,4.122,23:37,286.20,1.449,0.00,90.20,2.010,1.290,0,23:01
23/01/17 01:00,14.12,13.33,31.19,2.503,3.096,190,1.018,3.096,00:54,31.81,1.095,0.00,90.60,1.480,0.982,0,00:01
23/01/17 02:00,14.12,13.26,54.50,2.163,2.839,50,2.741,4.154,01:32,67.38,0.447,0.00,92.40,1.083,0.447,0,01:01
23/01/17 03:00,14.12,13.22,56.48,2.193,2.807,50,2.445,3.545,02:41,55.75,0.387,0.00,93.30,0.636,0.282,0,02:01
23/01/17 04:00,14.12,13.15,76.40,4.747,5.597,60,3.573,5.597,03:53,81.80,0.240,0.00,94.60,0.484,0.239,0,03:01
23/01/17 05:00,14.12,13.10,79.60,3.834,4.731,70,4.485,5.789,04:01,76.10,-0.334,0.00,96.70,0.309,-0.334,0,04:01
23/01/17 06:00,14.13,13.04,38.75,2.929,4.090,60,3.883,5.885,05:08,73.40,-1.172,0.00,98.40,-0.358,-1.172,0,05:01
23/01/17 07:00,14.13,12.95,63.83,3.658,5.629,70,3.435,6.014,06:36,73.80,-1.246,0.00,99.30,-1.129,-1.351,0,06:01
23/01/17 08:00,14.14,12.86,63.18,2.949,4.988,60,3.292,6.399,07:14,61.88,-1.233,0.00,99.60,-0.935,-1.303,0,07:01
23/01/17 09:00,14.14,12.75,63.46,3.161,4.475,60,3.671,6.270,08:40,76.40,-0.683,0.00,99.90,-0.683,-1.209,0,08:01
23/01/17 10:00,14.14,12.66,70.70,3.980,6.655,70,4.143,7.360,09:31,73.40,0.058,0.00,100.10,0.276,-0.693,0,09:01
23/01/17 11:00,14.14,12.57,86.40,3.964,6.334,70,3.992,6.431,10:25,89.60,1.087,0.22,100.10,1.280,0.046,1.29,10:32
23/01/17 12:00,14.14,12.53,59.08,3.942,5.918,80,4.153,7.650,11:17,96.10,1.554,0.00,100.00,1.621,1.146,0,11:01
23/01/17 13:00,14.14,12.48,50.88,4.766,6.495,50,4.337,7.390,12:08,81.10,2.196,0.00,99.70,2.280,1.599,0,12:01
23/01/17 14:00,14.14,12.46,61.37,4.538,7.840,50,4.852,12.040,13:40,113.10,3.532,0.00,96.70,4.067,2.174,0,13:01
23/01/17 15:00,14.14,12.48,72.90,2.247,3.641,70,4.434,7.840,14:06,66.14,4.168,0.00,88.30,4.168,3.251,0,14:01
23/01/17 16:00,14.14,12.50,72.10,4.539,6.174,70,3.598,6.174,16:00,80.10,4.349,0.00,87.40,4.401,4.165,0,15:01
23/01/17 17:00,14.14,12.55,77.60,3.527,5.501,80,4.849,7.460,16:37,76.90,4.295,0.00,88.50,4.457,4.250,0,16:01
23/01/17 18:00,14.14,12.59,62.81,3.214,4.956,60,3.617,6.014,17:18,89.70,4.486,0.00,88.40,4.486,4.280,0,17:01
23/01/17 19:00,14.14,12.61,62.86,4.959,7.140,70,4.578,7.750,18:29,92.70,4.624,0.00,89.70,4.632,4.483,0,18:01
23/01/17 20:00,14.14,12.64,73.40,4.264,6.463,70,3.940,6.944,19:47,87.60,4.757,0.00,89.90,4.865,4.627,0,19:01
23/01/17 21:00,14.14,12.64,89.80,4.613,7.360,70,4.446,7.360,20:51,90.90,5.128,0.00,89.60,5.215,4.754,0,20:01
23/01/17 22:00,14.14,12.66,58.39,3.959,5.308,60,4.191,6.399,21:37,46.69,5.047,0.00,89.50,5.241,5.005,0,21:01
23/01/17 23:00,14.14,12.66,76.40,3.806,5.276,70,4.023,5.693,22:31,88.50,4.907,0.00,89.50,5.152,4.902,0,22:01
24/01/17 00:00,14.14,12.68,65.59,2.947,4.475,70,3.253,6.463,23:14,50.64,4.698,0.00,89.70,4.907,4.698,0,23:01
24/01/17 01:00,14.13,12.70,79.10,3.010,4.635,80,2.750,4.635,01:00,73.50,4.796,0.00,87.50,4.818,4.666,0,00:01
24/01/17 02:00,14.13,12.73,61.39,3.445,5.693,70,3.754,5.821,01:49,60.06,4.692,0.00,86.30,4.827,4.687,0,01:01
24/01/17 03:00,14.14,12.77,82.80,5.440,7.680,80,5.211,8.900,02:46,86.00,4.591,0.00,85.90,4.791,4.560,0,02:01
24/01/17 04:00,14.14,12.79,72.70,3.917,6.206,70,4.766,7.710,03:02,84.60,3.973,0.00,88.70,4.612,3.970,0,03:01
24/01/17 05:00,14.14,12.79,70.00,4.956,6.110,70,4.802,8.130,04:09,85.10,3.454,0.00,91.40,3.989,3.431,0,04:01
24/01/17 06:00,14.13,12.79,76.50,5.067,6.527,70,4.190,6.527,05:59,80.00,3.106,0.00,93.10,3.465,3.105,0,05:01
24/01/17 07:00,14.14,12.75,76.50,5.230,6.559,80,5.159,6.847,06:07,77.20,2.993,0.00,93.50,3.121,2.976,0,06:01
24/01/17 08:00,14.14,12.70,75.70,3.811,5.052,80,4.674,7.040,07:06,81.20,2.934,0.00,94.10,3.023,2.934,0,07:01
24/01/17 09:00,14.14,12.66,85.10,3.708,5.052,80,4.127,5.693,08:42,82.30,3.633,0.00,92.80,3.648,2.934,0,08:01
24/01/17 10:00,14.14,12.61,65.37,3.183,4.442,70,3.639,5.757,09:27,80.30,4.408,0.00,86.80,4.530,3.508,0,09:01
24/01/17 11:00,14.14,12.64,82.40,3.371,5.885,70,4.386,7.140,10:29,70.00,5.558,0.00,83.70,5.558,4.346,0,10:01
24/01/17 12:00,14.14,12.73,89.40,3.879,6.912,90,3.919,7.970,11:43,94.60,7.330,0.00,74.30,7.560,5.663,0,11:01
24/01/17 13:00,14.12,12.90,69.10,4.908,7.010,90,5.392,9.160,12:35,87.70,8.220,0.00,72.70,8.810,7.090,0,12:01
24/01/17 14:00,14.12,13.13,82.30,6.780,10.090,80,6.614,11.140,13:43,84.50,8.830,0.00,71.50,9.190,7.860,0,13:01
24/01/17 15:00,14.11,13.33,90.00,6.454,9.320,80,6.624,11.210,14:16,83.00,9.680,0.00,67.32,10.030,8.730,0,14:01
24/01/17 16:00,14.10,13.57,80.50,4.044,5.789,90,4.226,7.710,15:18,86.00,9.890,0.00,65.91,10.550,9.490,0,15:01
24/01/17 17:00,14.09,13.82,356.00,1.802,2.583,40,2.689,5.212,16:03,61.60,9.200,0.00,69.39,9.910,9.180,0,16:01
24/01/17 18:00,14.10,14.00,49.43,3.995,4.539,340,3.174,4.539,18:00,59.06,8.500,0.00,71.90,9.220,8.400,0,17:01
24/01/17 19:00,14.09,14.14,32.60,3.251,3.994,50,3.833,5.565,18:08,51.00,7.410,0.00,76.60,8.550,7.410,0,18:01
24/01/17 20:00,14.09,14.23,19.30,2.387,3.096,20,2.641,4.154,19:19,22.49,6.626,0.00,80.00,7.400,6.626,0,19:01
24/01/17 21:00,14.09,14.25,76.80,1.893,2.454,30,2.186,3.513,20:41,55.60,6.302,0.00,82.90,6.592,6.240,0,20:01
24/01/17 22:00,14.09,14.20,51.28,0.004,0.343,80,1.083,2.262,21:17,81.20,5.463,0.00,85.80,6.340,5.463,0,21:01
24/01/17 23:00,14.09,14.18,24.39,2.747,3.961,360,1.087,3.961,22:59,30.82,5.272,0.00,86.50,5.470,4.989,0,22:01
25/01/17 00:00,14.09,14.14,48.55,1.440,2.647,40,2.410,4.122,23:15,30.79,4.925,0.00,87.70,5.265,4.925,0,23:01
25/01/17 01:00,14.09,14.05,0.00,0.000,0.000,360,0.737,1.973,00:09,72.90,4.178,0.00,89.10,4.889,4.178,0,00:01
25/01/17 02:00,14.10,13.98,0.00,0.000,0.000,360,0.000,0.000,01:01,0.00,3.844,0.00,90.10,4.248,3.651,0,01:01
25/01/17 03:00,14.10,13.91,88.60,0.541,1.396,360,0.451,1.685,02:22,85.20,3.311,0.00,88.80,3.895,3.259,0,02:01
25/01/17 04:00,14.10,13.84,267.20,0.603,1.653,270,1.323,2.839,03:20,275.00,2.823,0.00,90.00,3.625,2.748,0,03:01
25/01/17 05:00,14.10,13.78,272.80,2.169,3.641,280,2.178,3.801,04:38,279.30,2.677,0.00,91.00,3.076,2.527,0,04:01
25/01/17 06:00,14.10,13.69,276.40,2.343,3.128,280,1.948,3.545,05:23,280.50,2.118,0.00,91.20,2.657,2.118,0,05:01
25/01/17 07:00,14.11,13.60,304.40,2.292,3.384,290,2.737,4.923,06:24,283.70,1.241,0.00,93.20,2.147,1.179,0,06:01
25/01/17 08:00,14.11,13.48,345.60,0.233,1.364,340,0.982,2.743,07:03,304.30,1.421,0.00,93.20,1.829,1.198,0,07:01
25/01/17 09:00,14.12,13.39,350.70,0.845,4.699,10,1.262,4.699,08:59,7.82,2.266,0.00,94.80,2.332,1.467,0,08:01
25/01/17 10:00,14.12,13.33,288.10,2.117,3.416,290,1.509,4.859,09:08,356.10,3.386,0.00,96.60,3.451,2.362,0,09:01
25/01/17 11:00,14.12,13.28,313.30,0.643,2.615,310,1.464,4.186,10:35,338.60,3.846,0.00,96.90,3.975,3.162,0,10:01
25/01/17 12:00,14.12,13.30,298.40,3.759,6.014,360,2.506,6.014,11:54,296.00,3.794,0.00,96.40,4.164,3.744,0,11:01
25/01/17 13:00,14.12,13.33,320.30,2.269,4.795,290,2.827,5.693,12:09,298.70,4.024,0.00,96.00,4.251,3.690,0,12:01
25/01/17 14:00,14.12,13.33,333.20,2.678,5.533,310,2.692,5.533,13:51,333.90,4.024,0.00,95.30,4.182,3.762,0,13:01
25/01/17 15:00,14.12,13.33,291.00,3.465,6.463,290,4.224,7.360,14:39,289.80,3.739,0.00,95.00,4.198,3.524,0,14:01
25/01/17 16:00,14.12,13.35,315.50,4.980,7.620,310,4.377,7.620,15:59,309.00,2.967,0.00,95.70,3.812,2.967,0,15:01
25/01/17 17:00,14.11,13.33,341.60,4.991,7.070,340,4.781,7.840,16:02,289.60,2.845,0.00,96.50,3.188,2.691,0,16:01
25/01/17 18:00,14.12,13.33,299.90,6.009,10.020,300,5.036,10.180,17:35,288.00,1.932,0.00,97.00,2.720,1.932,0,17:01
25/01/17 19:00,14.12,13.28,292.40,5.535,8.930,300,6.720,11.340,18:29,311.90,1.289,0.00,98.10,2.062,1.133,0,18:01
25/01/17 20:00,14.12,13.22,316.70,6.426,9.480,290,6.072,12.110,19:06,295.10,0.709,0.00,97.40,1.444,0.633,0,19:01
25/01/17 21:00,14.12,13.15,327.60,5.077,8.100,330,5.947,10.410,20:42,322.20,0.181,0.00,97.00,0.809,0.181,0,20:01
25/01/17 22:00,14.13,13.06,296.40,7.800,11.400,320,6.690,11.400,21:52,318.30,0.236,0.00,96.40,0.446,0.000,0,21:01
25/01/17 23:00,14.13,12.97,306.00,5.178,10.280,300,6.600,11.300,22:01,276.10,0.297,0.00,94.90,0.488,0.215,0,22:01
26/01/17 00:00,14.13,12.88,318.20,6.911,10.250,300,7.220,11.370,23:07,291.10,-0.282,0.00,93.30,0.341,-0.332,0,23:01
26/01/17 01:00,14.14,12.79,328.70,5.844,9.930,340,6.092,12.360,00:18,317.30,-0.216,0.00,90.60,0.026,-0.638,0,00:01
26/01/17 02:00,14.14,12.73,304.40,6.667,11.500,310,6.002,11.660,01:03,341.80,-0.253,0.00,88.30,-0.143,-0.449,0,01:01
26/01/17 03:00,14.14,12.61,324.70,5.439,8.900,340,6.908,11.720,02:25,305.20,0.053,0.00,87.80,0.053,-0.363,0,02:01
26/01/17 04:00,14.14,12.53,339.70,5.692,9.890,310,6.605,14.060,03:21,307.10,0.016,0.00,84.80,0.121,-0.185,0,03:01
26/01/17 05:00,14.14,12.44,315.10,10.690,14.580,320,9.100,14.580,04:51,307.00,-0.344,0.00,86.10,0.075,-0.378,0,04:01
26/01/17 06:00,14.16,12.28,315.60,10.460,14.860,330,8.790,14.860,05:59,314.00,-0.200,0.00,86.20,-0.017,-0.331,0,05:01
26/01/17 07:00,14.16,12.13,326.10,10.680,14.770,310,8.860,14.770,06:51,317.30,-0.321,0.00,86.50,0.019,-0.438,0,06:01
26/01/17 08:00,14.16,11.99,340.30,8.150,11.790,330,8.660,14.250,07:46,311.50,-0.360,0.00,85.20,-0.223,-0.584,0,07:01
26/01/17 09:00,14.17,11.88,329.50,9.520,13.520,340,8.820,16.720,08:40,340.60,-0.872,0.00,86.90,-0.326,-0.937,0,08:01
26/01/17 10:00,14.17,11.75,326.30,6.890,11.020,310,9.000,15.280,09:30,307.70,-0.598,0.00,85.30,-0.598,-0.977,0,09:01
26/01/17 11:00,14.17,11.64,328.00,7.840,12.430,340,8.040,15.250,10:27,335.30,-0.721,0.00,83.50,-0.518,-0.903,0,10:01
26/01/17 12:00,14.17,11.55,6.66,8.850,12.620,340,8.960,15.700,11:22,337.80,-0.634,0.00,82.00,-0.598,-0.902,0,11:01
26/01/17 13:00,14.18,11.49,324.60,9.810,13.710,330,8.070,13.900,12:45,328.70,-0.791,0.00,82.10,-0.460,-0.931,0,12:01
26/01/17 14:00,14.18,11.40,333.20,6.298,9.990,340,7.540,14.450,13:30,342.90,-0.094,0.00,79.10,-0.014,-0.718,0,13:01
26/01/17 15:00,14.18,11.33,326.40,7.110,9.350,350,7.120,13.320,14:07,358.20,0.076,0.00,79.20,0.338,-0.195,0,14:01
26/01/17 16:00,14.18,11.29,341.10,6.457,10.020,310,7.110,13.200,15:30,310.70,0.159,0.00,80.30,0.265,-0.068,0,15:01
26/01/17 17:00,14.19,11.27,292.20,7.780,11.500,310,7.320,11.530,16:28,305.70,-0.072,0.00,82.30,0.229,-0.163,0,16:01
26/01/17 18:00,14.18,11.22,292.10,6.355,11.270,300,7.830,13.040,17:18,292.30,-0.376,0.00,85.20,-0.087,-0.468,0,17:01
26/01/17 19:00,14.19,11.20,276.90,6.764,9.860,280,6.452,12.910,18:36,273.50,-0.368,0.00,85.10,-0.269,-0.441,0,18:01
26/01/17 20:00,14.19,11.18,261.60,6.740,10.730,270,6.521,12.680,19:12,274.20,-0.760,0.00,86.40,-0.368,-0.763,0,19:01
26/01/17 21:00,14.18,11.14,270.90,7.720,10.500,270,6.843,11.530,20:27,261.10,-0.672,0.00,86.20,-0.643,-0.770,0,20:01
26/01/17 22:00,14.19,11.09,268.10,7.240,10.950,270,8.340,13.290,21:13,268.60,-0.189,0.00,85.40,-0.189,-0.649,0,21:01
26/01/17 23:00,14.19,11.07,270.30,6.755,10.700,270,6.467,10.700,23:00,266.90,-0.182,0.00,85.90,0.004,-0.186,0,22:01
26/01/17 00:00,14.18,11.05,271.70,7.380,10.150,270,7.850,12.390,23:32,265.10,-0.263,0.00,86.90,-0.091,-0.307,0,23:01
27/01/17 01:00,14.18,11.05,266.40,7.670,9.990,270,7.280,10.790,00:13,276.90,-0.142,0.00,87.60,-0.041,-0.268,0,00:01
27/01/17 02:00,14.19,11.05,265.40,7.850,10.020,270,6.780,11.050,01:49,267.10,0.049,0.00,88.80,0.056,-0.217,0,01:01
27/01/17 03:00,14.19,11.03,264.00,5.202,7.580,270,6.965,10.860,02:02,270.40,-0.098,0.00,88.50,0.109,-0.151,0,02:01
27/01/17 04:00,14.19,10.98,243.10,5.666,9.000,240,4.871,9.000,04:00,242.70,-0.149,0.00,90.30,-0.058,-0.347,0,03:01
27/01/17 05:00,14.19,10.96,257.90,5.599,8.680,260,6.181,9.770,04:34,272.50,-0.045,0.00,91.00,0.188,-0.239,0,04:01
27/01/17 06:00,14.19,10.96,269.40,8.250,10.470,270,5.839,10.470,05:54,272.60,0.805,0.00,88.50,0.954,-0.069,0,05:01
27/01/17 07:00,14.19,10.96,263.40,4.268,7.390,260,5.228,9.670,06:01,257.10,0.998,0.00,89.90,1.110,0.692,0,06:01
27/01/17 08:00,14.19,10.96,278.80,7.640,10.210,270,4.970,10.210,07:56,281.90,1.746,0.00,89.40,1.823,0.983,0,07:01
27/01/17 09:00,14.18,10.98,281.90,6.526,8.230,280,6.213,9.960,08:12,285.90,2.754,0.00,88.90,2.777,1.748,0,08:01
27/01/17 10:00,14.19,11.03,297.50,6.742,11.880,280,6.324,11.880,09:54,295.70,3.412,0.00,88.80,3.427,2.762,0,09:01
27/01/17 11:00,14.18,11.09,307.50,7.630,11.340,290,6.316,11.340,10:57,302.90,4.021,0.00,86.30,4.120,3.400,0,10:01
27/01/17 12:00,14.18,11.14,317.90,6.727,10.340,320,7.060,12.810,11:12,312.30,5.214,0.00,84.70,5.214,4.027,0,11:01
27/01/17 13:00,14.19,11.22,292.20,6.420,9.930,310,6.608,11.720,12:28,303.30,5.453,0.00,80.80,5.917,4.858,0,12:01
27/01/17 14:00,14.18,11.38,297.20,7.120,11.080,300,7.250,13.130,13:29,293.40,5.607,0.00,81.10,5.731,5.271,0,13:01
27/01/17 15:00,14.17,11.53,273.90,6.319,10.660,280,6.289,11.110,14:37,282.10,5.834,0.00,80.80,5.952,5.518,0,14:01
27/01/17 16:00,14.16,11.71,296.10,10.160,16.340,290,7.770,16.340,15:54,293.20,5.787,0.00,82.50,6.196,5.774,0,15:01
27/01/17 17:00,14.16,11.84,287.10,6.991,11.910,300,8.020,12.460,16:12,292.60,5.906,0.00,83.80,5.983,5.792,0,16:01
27/01/17 18:00,14.16,11.97,279.80,7.150,9.510,280,7.070,10.050,17:25,282.30,6.074,0.00,83.10,6.107,5.844,0,17:01